club,asset,wikimedia_file,direct_url,license,wikipedia_page
abha,crest,File:Abha city.png,https://upload.wikimedia.org/wikipedia/commons/c/cb/Abha_city.png?utm_source=en.wikipedia.org&utm_campaign=imageinfo&utm_content=original,Commons: CC BY-SA,Abha
ac-milan,crest,File:Logo of AC Milan.svg,https://upload.wikimedia.org/wikipedia/commons/d/d0/Logo_of_AC_Milan.svg?utm_source=en.wikipedia.org&utm_campaign=imageinfo&utm_content=original,Commons: Non-free (fair use),AC Milan
ac-milan,kit-away,File:Kit body milan2627a.png,https://upload.wikimedia.org/wikipedia/commons/1/1d/Kit_body_milan2627a.png?utm_source=en.wikipedia.org&utm_campaign=imageinfo&utm_content=original,Commons: CC0,AC Milan
ac-milan,kit-home,File:Kit body milan2627h.png,https://upload.wikimedia.org/wikipedia/commons/c/ce/Kit_body_milan2627h.png?utm_source=en.wikipedia.org&utm_campaign=imageinfo&utm_content=original,Commons: CC0,AC Milan
ac-milan,kit-third,File:Kit body milan2627t.png,https://upload.wikimedia.org/wikipedia/commons/9/9e/Kit_body_milan2627t.png?utm_source=en.wikipedia.org&utm_campaign=imageinfo&utm_content=original,Commons: CC0,AC Milan
aek-athens,crest,File:AEK Athens FC logo.svg,https://upload.wikimedia.org/wikipedia/en/0/04/AEK_Athens_FC_logo.svg?utm_source=en.wikipedia.org&utm_campaign=imageinfo&utm_content=original,Non-free (fair use),AEK Athens F.C.
aek-athens,kit-away,File:Kit body aek2627a.png,https://upload.wikimedia.org/wikipedia/commons/8/8f/Kit_body_aek2627a.png?utm_source=en.wikipedia.org&utm_campaign=imageinfo&utm_content=original,Commons: CC0,AEK Athens F.C.
aek-athens,kit-home,File:Kit body aek2627h.png,https://upload.wikimedia.org/wikipedia/commons/c/c8/Kit_body_aek2627h.png?utm_source=en.wikipedia.org&utm_campaign=imageinfo&utm_content=original,Commons: CC0,AEK Athens F.C.
aek-athens,kit-third,File:Kit body aek2627t.png,https://upload.wikimedia.org/wikipedia/commons/9/93/Kit_body_aek2627t.png?utm_source=en.wikipedia.org&utm_campaign=imageinfo&utm_content=original,Commons: CC0,AEK Athens F.C.
afc-bournemouth,crest,File:AFC Bournemouth (2013).svg,https://upload.wikimedia.org/wikipedia/en/e/e5/AFC_Bournemouth_%282013%29.svg?utm_source=en.wikipedia.org&utm_campaign=imageinfo&utm_content=original,Non-free (fair use),AFC Bournemouth
afc-bournemouth,kit-away,File:Kit body bournemouth2627a.png,https://upload.wikimedia.org/wikipedia/commons/4/46/Kit_body_bournemouth2627a.png?utm_source=en.wikipedia.org&utm_campaign=imageinfo&utm_content=original,Commons: CC0,AFC Bournemouth
afc-bournemouth,kit-home,File:Kit body bournemouth2627h.png,https://upload.wikimedia.org/wikipedia/commons/4/48/Kit_body_bournemouth2627h.png?utm_source=en.wikipedia.org&utm_campaign=imageinfo&utm_content=original,Commons: CC0,AFC Bournemouth
afc-bournemouth,kit-third,File:Kit body bournemouth2627t.png,https://upload.wikimedia.org/wikipedia/commons/c/c4/Kit_body_bournemouth2627t.png?utm_source=en.wikipedia.org&utm_campaign=imageinfo&utm_content=original,Commons: CC0,AFC Bournemouth
aj-auxerre,crest,File:AJAuxerreLogo.svg,https://upload.wikimedia.org/wikipedia/en/5/51/AJAuxerreLogo.svg?utm_source=en.wikipedia.org&utm_campaign=imageinfo&utm_content=original,Non-free (fair use),AJ Auxerre
aj-auxerre,kit-away,File:Kit body AJAuxerre2627a.png,https://upload.wikimedia.org/wikipedia/commons/2/24/Kit_body_AJAuxerre2627a.png?utm_source=en.wikipedia.org&utm_campaign=imageinfo&utm_content=original,Commons: CC0,AJ Auxerre
aj-auxerre,kit-home,File:Kit body AJAuxerre2627h.png,https://upload.wikimedia.org/wikipedia/commons/b/bf/Kit_body_AJAuxerre2627h.png?utm_source=en.wikipedia.org&utm_campaign=imageinfo&utm_content=original,Commons: CC0,AJ Auxerre
al-ahli,crest,File:Al Ahli SC logo.svg,https://upload.wikimedia.org/wikipedia/en/3/39/Al_Ahli_SC_logo.svg?utm_source=en.wikipedia.org&utm_campaign=imageinfo&utm_content=original,Non-free (fair use),Al Ahli SC (Doha)
al-ahli,kit-home,File:Kit body adidasentrada22w.png,https://upload.wikimedia.org/wikipedia/commons/1/11/Kit_body_adidasentrada22w.png?utm_source=en.wikipedia.org&utm_campaign=imageinfo&utm_content=original,Commons: CC BY-SA,Al Ahli SC (Doha)
al-ettifaq,crest,File:Al-Ettifaq FC logo.svg,https://upload.wikimedia.org/wikipedia/en/3/34/Al-Ettifaq_FC_logo.svg?utm_source=en.wikipedia.org&utm_campaign=imageinfo&utm_content=original,Non-free (fair use),Al-Ettifaq Club
al-ettifaq,kit-home,File:Kit body greencollar.png,https://upload.wikimedia.org/wikipedia/commons/5/55/Kit_body_greencollar.png?utm_source=en.wikipedia.org&utm_campaign=imageinfo&utm_content=original,Commons: Public domain,Al-Ettifaq Club
al-faisaly,crest,File:Al-Faisaly SC (logo).png,https://upload.wikimedia.org/wikipedia/en/5/5d/Al-Faisaly_SC_%28logo%29.png?utm_source=en.wikipedia.org&utm_campaign=imageinfo&utm_content=original,Non-free (fair use),Al-Faisaly SC
al-faisaly,kit-away,File:Kit body fcminaj2122a.png,https://upload.wikimedia.org/wikipedia/commons/3/3e/Kit_body_fcminaj2122a.png?utm_source=en.wikipedia.org&utm_campaign=imageinfo&utm_content=original,Commons: CC BY-SA,Al-Faisaly SC
al-faisaly,kit-home,File:Kit body ghazlelmahalla2021h.png,https://upload.wikimedia.org/wikipedia/commons/5/56/Kit_body_ghazlelmahalla2021h.png?utm_source=en.wikipedia.org&utm_campaign=imageinfo&utm_content=original,Commons: CC BY-SA,Al-Faisaly SC
al-fateh,crest,File:Extended-protection-shackle.svg,https://upload.wikimedia.org/wikipedia/en/8/8c/Extended-protection-shackle.svg?utm_source=en.wikipedia.org&utm_campaign=imageinfo&utm_content=original,Public domain,Al-Fateh
al-fayha,crest,File:Al-Fayha FC.svg,https://upload.wikimedia.org/wikipedia/en/0/0f/Al-Fayha_FC.svg?utm_source=en.wikipedia.org&utm_campaign=imageinfo&utm_content=original,Non-free (fair use),Al-Fayha Club
al-fayha,kit-home,File:Kit body pumaflash2122nr.png,https://upload.wikimedia.org/wikipedia/commons/c/c4/Kit_body_pumaflash2122nr.png?utm_source=en.wikipedia.org&utm_campaign=imageinfo&utm_content=original,Commons: CC BY-SA,Al-Fayha Club
al-hazem,crest,File:Al-Hazem FC Logo.svg,https://upload.wikimedia.org/wikipedia/en/a/ab/Al-Hazem_FC_Logo.svg?utm_source=en.wikipedia.org&utm_campaign=imageinfo&utm_content=original,Public domain,Al-Hazem FC
al-hazem,kit-away,File:Kit body hazem1920a.png,https://upload.wikimedia.org/wikipedia/commons/2/2a/Kit_body_hazem1920a.png?utm_source=en.wikipedia.org&utm_campaign=imageinfo&utm_content=original,Commons: CC BY-SA,Al-Hazem FC
al-hazem,kit-home,File:Kit body hazem1920h.png,https://upload.wikimedia.org/wikipedia/commons/3/3f/Kit_body_hazem1920h.png?utm_source=en.wikipedia.org&utm_campaign=imageinfo&utm_content=original,Commons: CC BY-SA,Al-Hazem FC
al-hazem,kit-third,File:Kit body hazem1920t.png,https://upload.wikimedia.org/wikipedia/commons/0/0a/Kit_body_hazem1920t.png?utm_source=en.wikipedia.org&utm_campaign=imageinfo&utm_content=original,Commons: CC BY-SA,Al-Hazem FC
al-hilal,crest,File:Al Hilal SFC Logo.svg,https://upload.wikimedia.org/wikipedia/commons/5/55/Al_Hilal_SFC_Logo.svg?utm_source=en.wikipedia.org&utm_campaign=imageinfo&utm_content=original,Commons: Public domain,Al Hilal SFC
al-hilal,kit-away,File:Kit body alhilal2526a.png,https://upload.wikimedia.org/wikipedia/commons/f/fa/Kit_body_alhilal2526a.png?utm_source=en.wikipedia.org&utm_campaign=imageinfo&utm_content=original,Commons: CC0,Al Hilal SFC
al-hilal,kit-home,File:Kit body alhilal2526h.png,https://upload.wikimedia.org/wikipedia/commons/2/20/Kit_body_alhilal2526h.png?utm_source=en.wikipedia.org&utm_campaign=imageinfo&utm_content=original,Commons: CC0,Al Hilal SFC
al-hilal,kit-third,File:Kit body alhilal2526t.png,https://upload.wikimedia.org/wikipedia/commons/0/01/Kit_body_alhilal2526t.png?utm_source=en.wikipedia.org&utm_campaign=imageinfo&utm_content=original,Commons: CC0,Al Hilal SFC
al-ittihad,crest,"File:600px red,white and black Ittihad Aleppo.png",https://upload.wikimedia.org/wikipedia/commons/3/34/600px_red%2Cwhite_and_black_Ittihad_Aleppo.png?utm_source=en.wikipedia.org&utm_campaign=imageinfo&utm_content=original,Commons: CC BY-SA,Al-Ittihad
al-khaleej,crest,File:Al-Khaleej FC Logo.svg,https://upload.wikimedia.org/wikipedia/en/3/32/Al-Khaleej_FC_Logo.svg?utm_source=en.wikipedia.org&utm_campaign=imageinfo&utm_content=original,Non-free (fair use),Al-Khaleej FC
al-kholood,crest,File:Al Kholood Club Logo.svg,https://upload.wikimedia.org/wikipedia/en/b/b6/Al_Kholood_Club_Logo.svg?utm_source=en.wikipedia.org&utm_campaign=imageinfo&utm_content=original,Non-free (fair use),Al-Kholood Club
al-nassr,crest,File:Nassr FC Logo.svg,https://upload.wikimedia.org/wikipedia/commons/3/3f/Nassr_FC_Logo.svg?utm_source=en.wikipedia.org&utm_campaign=imageinfo&utm_content=original,Commons: Public domain,Al-Nassr FC
al-nassr,kit-away,File:Kit body alnassr2627a.png,https://upload.wikimedia.org/wikipedia/commons/8/8a/Kit_body_alnassr2627a.png?utm_source=en.wikipedia.org&utm_campaign=imageinfo&utm_content=original,Commons: CC0,Al-Nassr FC
al-nassr,kit-home,File:Kit body alnassr2627h.png,https://upload.wikimedia.org/wikipedia/commons/f/f4/Kit_body_alnassr2627h.png?utm_source=en.wikipedia.org&utm_campaign=imageinfo&utm_content=original,Commons: CC0,Al-Nassr FC
al-qadsiah,crest,File:QAD LOGO.png,https://upload.wikimedia.org/wikipedia/commons/6/68/QAD_LOGO.png?utm_source=en.wikipedia.org&utm_campaign=imageinfo&utm_content=original,Commons: CC0,Al Qadsiah FC
al-qadsiah,kit-away,File:Kit body alqadsiah2627a.png,https://upload.wikimedia.org/wikipedia/commons/8/8a/Kit_body_alqadsiah2627a.png?utm_source=en.wikipedia.org&utm_campaign=imageinfo&utm_content=original,Commons: CC0,Al Qadsiah FC
al-qadsiah,kit-home,File:Kit body alqadsiah2627h.png,https://upload.wikimedia.org/wikipedia/commons/4/4b/Kit_body_alqadsiah2627h.png?utm_source=en.wikipedia.org&utm_campaign=imageinfo&utm_content=original,Commons: CC0,Al Qadsiah FC
al-riyadh,crest,File:Al-Riyadh SC.svg,https://upload.wikimedia.org/wikipedia/en/3/39/Al-Riyadh_SC.svg?utm_source=en.wikipedia.org&utm_campaign=imageinfo&utm_content=original,Non-free (fair use),Al-Riyadh SC
al-riyadh,kit-home,File:Kit body blackstripes.png,https://upload.wikimedia.org/wikipedia/commons/9/97/Kit_body_blackstripes.png?utm_source=en.wikipedia.org&utm_campaign=imageinfo&utm_content=original,Commons: Public domain,Al-Riyadh SC
al-shabab,crest,File:Al Shabab FC (Riyadh).svg,https://upload.wikimedia.org/wikipedia/en/2/2d/Al_Shabab_FC_%28Riyadh%29.svg?utm_source=en.wikipedia.org&utm_campaign=imageinfo&utm_content=original,Public domain,Al-Shabab
al-taawoun,crest,File:Al Taawoun FC Logo.svg,https://upload.wikimedia.org/wikipedia/en/0/08/Al_Taawoun_FC_Logo.svg?utm_source=en.wikipedia.org&utm_campaign=imageinfo&utm_content=original,Non-free (fair use),Al Taawoun FC
al-taawoun,kit-away,File:Kit body taawoun1920a.png,https://upload.wikimedia.org/wikipedia/commons/0/02/Kit_body_taawoun1920a.png?utm_source=en.wikipedia.org&utm_campaign=imageinfo&utm_content=original,Commons: CC BY-SA,Al Taawoun FC
al-taawoun,kit-home,File:Kit body greystripes.png,https://upload.wikimedia.org/wikipedia/commons/a/a9/Kit_body_greystripes.png?utm_source=en.wikipedia.org&utm_campaign=imageinfo&utm_content=original,Commons: CC BY-SA,Al Taawoun FC
algeria,crest,File:Algerian Football Federation logo.png,https://upload.wikimedia.org/wikipedia/en/c/c3/Algerian_Football_Federation_logo.png?utm_source=en.wikipedia.org&utm_campaign=imageinfo&utm_content=original,Non-free (fair use),Algeria
alpecin-premier-tech,crest,File:MaillotAllemania.svg,https://upload.wikimedia.org/wikipedia/commons/8/80/MaillotAllemania.svg?utm_source=en.wikipedia.org&utm_campaign=imageinfo&utm_content=original,Commons: Public domain,Alpecin–Premier Tech
alpine,crest,File:Vector search icon.svg,https://upload.wikimedia.org/wikipedia/commons/7/7e/Vector_search_icon.svg?utm_source=en.wikipedia.org&utm_campaign=imageinfo&utm_content=original,Commons: Public domain,Alpine
angers-sco,crest,File:Angers Sporting Club de l'Ouest logo.svg,https://upload.wikimedia.org/wikipedia/commons/f/f6/Angers_Sporting_Club_de_l%27Ouest_logo.svg?utm_source=en.wikipedia.org&utm_campaign=imageinfo&utm_content=original,Commons: Public domain,Angers SCO
angers-sco,kit-away,File:Kit body angers2526a.png,https://upload.wikimedia.org/wikipedia/commons/e/e0/Kit_body_angers2526a.png?utm_source=en.wikipedia.org&utm_campaign=imageinfo&utm_content=original,Commons: CC0,Angers SCO
angers-sco,kit-home,File:Kit body angers2627h.png,https://upload.wikimedia.org/wikipedia/commons/c/c1/Kit_body_angers2627h.png?utm_source=en.wikipedia.org&utm_campaign=imageinfo&utm_content=original,Commons: CC0,Angers SCO
angers-sco,kit-third,File:Kit body angers2526t.png,https://upload.wikimedia.org/wikipedia/commons/c/c8/Kit_body_angers2526t.png?utm_source=en.wikipedia.org&utm_campaign=imageinfo&utm_content=original,Commons: CC0,Angers SCO
argentina,crest,File:Usal argentina logo.png,https://upload.wikimedia.org/wikipedia/en/0/03/Usal_argentina_logo.png?utm_source=en.wikipedia.org&utm_campaign=imageinfo&utm_content=original,Non-free (fair use),Argentina
arizona-cardinals,crest,File:Arizona Cardinals logo.svg,https://upload.wikimedia.org/wikipedia/en/7/72/Arizona_Cardinals_logo.svg?utm_source=en.wikipedia.org&utm_campaign=imageinfo&utm_content=original,Non-free (fair use),Arizona Cardinals
arizona-diamondbacks,crest,File:Arizona Diamondbacks logo teal.svg,https://upload.wikimedia.org/wikipedia/commons/a/ac/Arizona_Diamondbacks_logo_teal.svg?utm_source=en.wikipedia.org&utm_campaign=imageinfo&utm_content=original,Commons: Public domain,Arizona Diamondbacks
arsenal,crest,File:Arsenal FC.svg,https://upload.wikimedia.org/wikipedia/en/5/53/Arsenal_FC.svg?utm_source=en.wikipedia.org&utm_campaign=imageinfo&utm_content=original,Non-free (fair use),Arsenal F.C.
arsenal,kit-away,File:Kit body arsenal2627a.png,https://upload.wikimedia.org/wikipedia/commons/4/47/Kit_body_arsenal2627a.png?utm_source=en.wikipedia.org&utm_campaign=imageinfo&utm_content=original,Commons: CC0,Arsenal F.C.
arsenal,kit-home,File:Kit body arsenal2627h.png,https://upload.wikimedia.org/wikipedia/commons/4/43/Kit_body_arsenal2627hA.png?utm_source=en.wikipedia.org&utm_campaign=imageinfo&utm_content=original,Commons: CC0,Arsenal F.C.
arsenal,kit-third,File:Kit body arsenal2627t.png,https://upload.wikimedia.org/wikipedia/commons/1/1c/Kit_body_arsenal2627t.png?utm_source=en.wikipedia.org&utm_campaign=imageinfo&utm_content=original,Commons: CC0,Arsenal F.C.
as-monaco,crest,File:LogoASMonacoFC2021.svg,https://upload.wikimedia.org/wikipedia/en/c/cf/LogoASMonacoFC2021.svg?utm_source=en.wikipedia.org&utm_campaign=imageinfo&utm_content=original,Non-free (fair use),AS Monaco FC
as-monaco,kit-away,File:Kit body monaco2627a.png,https://upload.wikimedia.org/wikipedia/commons/6/65/Kit_body_monaco2627a.png?utm_source=en.wikipedia.org&utm_campaign=imageinfo&utm_content=original,Commons: CC0,AS Monaco FC
as-monaco,kit-home,File:Kit body monaco2627h.png,https://upload.wikimedia.org/wikipedia/commons/c/c6/Kit_body_monaco2627h.png?utm_source=en.wikipedia.org&utm_campaign=imageinfo&utm_content=original,Commons: CC0,AS Monaco FC
as-monaco,kit-third,File:Kit body monaco2627t.png,https://upload.wikimedia.org/wikipedia/commons/1/13/Kit_body_monaco2627t.png?utm_source=en.wikipedia.org&utm_campaign=imageinfo&utm_content=original,Commons: CC0,AS Monaco FC
as-roma,crest,File:AS Roma logo (2017).svg,https://upload.wikimedia.org/wikipedia/en/f/f7/AS_Roma_logo_%282017%29.svg?utm_source=en.wikipedia.org&utm_campaign=imageinfo&utm_content=original,Non-free (fair use),AS Roma
as-roma,kit-away,File:Kit body roma2627a.png,https://upload.wikimedia.org/wikipedia/commons/2/26/Kit_body_roma2627a.png?utm_source=en.wikipedia.org&utm_campaign=imageinfo&utm_content=original,Commons: CC0,AS Roma
as-roma,kit-home,File:Kit body roma2627h.png,https://upload.wikimedia.org/wikipedia/commons/a/aa/Kit_body_roma2627h.png?utm_source=en.wikipedia.org&utm_campaign=imageinfo&utm_content=original,Commons: CC0,AS Roma
as-roma,kit-third,File:Kit body roma2627t.png,https://upload.wikimedia.org/wikipedia/commons/d/d3/Kit_body_roma2627t.png?utm_source=en.wikipedia.org&utm_campaign=imageinfo&utm_content=original,Commons: CC0,AS Roma
aston-martin,crest,File:Motorsport current event.svg,https://upload.wikimedia.org/wikipedia/commons/a/aa/Motorsport_current_event.svg?utm_source=en.wikipedia.org&utm_campaign=imageinfo&utm_content=original,Commons: Public domain,Aston Martin AMR26
aston-villa,crest,File:Aston Villa FC new crest.svg,https://upload.wikimedia.org/wikipedia/en/9/9a/Aston_Villa_FC_new_crest.svg?utm_source=en.wikipedia.org&utm_campaign=imageinfo&utm_content=original,Non-free (fair use),Aston Villa F.C.
aston-villa,kit-away,File:Kit body astonvilla2627A.png,https://upload.wikimedia.org/wikipedia/commons/6/64/Kit_body_astonvilla2627A.png?utm_source=en.wikipedia.org&utm_campaign=imageinfo&utm_content=original,Commons: CC0,Aston Villa F.C.
aston-villa,kit-home,File:Kit body astonvilla2627h.png,https://upload.wikimedia.org/wikipedia/commons/e/e2/Kit_body_astonvilla2627h.png?utm_source=en.wikipedia.org&utm_campaign=imageinfo&utm_content=original,Commons: CC0,Aston Villa F.C.
aston-villa,kit-third,File:Kit body astonvilla2627t.png,https://upload.wikimedia.org/wikipedia/commons/6/6c/Kit_body_astonvilla2627t.png?utm_source=en.wikipedia.org&utm_campaign=imageinfo&utm_content=original,Commons: CC0,Aston Villa F.C.
atalanta,crest,File:Atalanta BC new logo.svg,https://upload.wikimedia.org/wikipedia/en/f/f2/Atalanta_BC_new_logo.svg?utm_source=en.wikipedia.org&utm_campaign=imageinfo&utm_content=original,Non-free (fair use),Atalanta BC
atalanta,kit-away,File:Kit body atalanta2627a.png,https://upload.wikimedia.org/wikipedia/commons/9/9f/Kit_body_atalanta2627a.png?utm_source=en.wikipedia.org&utm_campaign=imageinfo&utm_content=original,Commons: CC0,Atalanta BC
atalanta,kit-home,File:Kit body atalanta2627h.png,https://upload.wikimedia.org/wikipedia/commons/e/e1/Kit_body_atalanta2627h.png?utm_source=en.wikipedia.org&utm_campaign=imageinfo&utm_content=original,Commons: CC0,Atalanta BC
atalanta,kit-third,File:Kit body atalanta2526t.png,https://upload.wikimedia.org/wikipedia/commons/2/27/Kit_body_atalanta2526t.png?utm_source=en.wikipedia.org&utm_campaign=imageinfo&utm_content=original,Commons: CC0,Atalanta BC
athletic-club,crest,File:Athletic Club (Minas Gerais).svg,https://upload.wikimedia.org/wikipedia/commons/f/f8/Athletic_Club_%28Minas_Gerais%29.svg?utm_source=en.wikipedia.org&utm_campaign=imageinfo&utm_content=original,Commons: Public domain,Athletic Club (MG)
athletic-club,kit-away,File:Kit body athletic25a.png,https://upload.wikimedia.org/wikipedia/commons/8/82/Kit_body_athletic25a.png?utm_source=en.wikipedia.org&utm_campaign=imageinfo&utm_content=original,Commons: CC0,Athletic Club (MG)
athletic-club,kit-home,File:Kit body athletic25h.png,https://upload.wikimedia.org/wikipedia/commons/9/94/Kit_body_athletic25h.png?utm_source=en.wikipedia.org&utm_campaign=imageinfo&utm_content=original,Commons: CC0,Athletic Club (MG)
athletic-club,kit-third,File:Kit body athletic25t.png,https://upload.wikimedia.org/wikipedia/commons/2/23/Kit_body_athletic25t.png?utm_source=en.wikipedia.org&utm_campaign=imageinfo&utm_content=original,Commons: CC0,Athletic Club (MG)
athletics,crest,File:Shenandoah Athletics logo.svg,https://upload.wikimedia.org/wikipedia/en/b/b6/Shenandoah_Athletics_logo.svg?utm_source=en.wikipedia.org&utm_campaign=imageinfo&utm_content=original,Non-free (fair use),Athletics
atlanta-braves,crest,File:Atlanta Braves Insignia.svg,https://upload.wikimedia.org/wikipedia/commons/7/7a/Atlanta_Braves_Insignia.svg?utm_source=en.wikipedia.org&utm_campaign=imageinfo&utm_content=original,Commons: Public domain,Atlanta Braves
atlanta-falcons,crest,File:Atlanta Falcons logo.svg,https://upload.wikimedia.org/wikipedia/en/c/c5/Atlanta_Falcons_logo.svg?utm_source=en.wikipedia.org&utm_campaign=imageinfo&utm_content=original,Non-free (fair use),Atlanta Falcons
atlanta-hawks,crest,File:Atlanta Hawks logo.svg,https://upload.wikimedia.org/wikipedia/en/2/24/Atlanta_Hawks_logo.svg?utm_source=en.wikipedia.org&utm_campaign=imageinfo&utm_content=original,Non-free (fair use),Atlanta Hawks
atlanta-hawks,kit-home,File:Kit body atlantahawks association2021.png,https://upload.wikimedia.org/wikipedia/commons/c/cf/Kit_body_atlantahawks_association2021.png?utm_source=en.wikipedia.org&utm_campaign=imageinfo&utm_content=original,Commons: CC BY-SA,Atlanta Hawks
atlanta-united,crest,File:Kit shorts atlantaunited17a.png,https://upload.wikimedia.org/wikipedia/commons/e/e4/Kit_shorts_atlantaunited17a.png?utm_source=en.wikipedia.org&utm_campaign=imageinfo&utm_content=original,Commons: CC BY-SA,Atlanta United FC
atlanta-united,kit-away,File:Kit body atlanta20A.png,https://upload.wikimedia.org/wikipedia/commons/4/42/Kit_body_atlanta20A.png?utm_source=en.wikipedia.org&utm_campaign=imageinfo&utm_content=original,Commons: CC0,Atlanta United FC
atlanta-united,kit-home,File:Kit body atlanta19h.png,https://upload.wikimedia.org/wikipedia/commons/e/e6/Kit_body_atlanta19h.png?utm_source=en.wikipedia.org&utm_campaign=imageinfo&utm_content=original,Commons: CC BY-SA,Atlanta United FC
atletico-de-madrid,crest,File:Atletico Madrid Logo 2024.svg,https://upload.wikimedia.org/wikipedia/en/f/f9/Atletico_Madrid_Logo_2024.svg?utm_source=en.wikipedia.org&utm_campaign=imageinfo&utm_content=original,Non-free (fair use),Atlético Madrid
atletico-de-madrid,kit-away,File:Kit body atleticomadrid2627a.png,https://upload.wikimedia.org/wikipedia/commons/5/56/Kit_body_atleticomadrid2627a.png?utm_source=en.wikipedia.org&utm_campaign=imageinfo&utm_content=original,Commons: CC0,Atlético Madrid
atletico-de-madrid,kit-home,File:Kit body atleticomadrid2627h.png,https://upload.wikimedia.org/wikipedia/commons/4/41/Kit_body_atleticomadrid2627h.png?utm_source=en.wikipedia.org&utm_campaign=imageinfo&utm_content=original,Commons: CC0,Atlético Madrid
atletico-de-madrid,kit-third,File:Kit body atleticomadrid2627t.png,https://upload.wikimedia.org/wikipedia/commons/e/e7/Kit_body_atleticomadrid2627t.png?utm_source=en.wikipedia.org&utm_campaign=imageinfo&utm_content=original,Commons: CC0,Atlético Madrid
audi,crest,File:Revolut logo.svg,https://upload.wikimedia.org/wikipedia/commons/7/73/Revolut_logo.svg?utm_source=en.wikipedia.org&utm_campaign=imageinfo&utm_content=original,Commons: Public domain,Revolut
austin-fc,crest,File:Austin FC logo.svg,https://upload.wikimedia.org/wikipedia/en/8/85/Austin_FC_logo.svg?utm_source=en.wikipedia.org&utm_campaign=imageinfo&utm_content=original,Non-free (fair use),Austin FC
austin-fc,kit-away,File:Kit body austin26aA.png,https://upload.wikimedia.org/wikipedia/commons/e/e2/Kit_body_austin26aA.png?utm_source=en.wikipedia.org&utm_campaign=imageinfo&utm_content=original,Commons: CC0,Austin FC
austin-fc,kit-home,File:Kit body austin25h.png,https://upload.wikimedia.org/wikipedia/commons/a/ab/Kit_body_austin25h.png?utm_source=en.wikipedia.org&utm_campaign=imageinfo&utm_content=original,Commons: CC0,Austin FC
austin-fc,kit-third,File:Kit body austin26t.png,https://upload.wikimedia.org/wikipedia/commons/1/18/Kit_body_austin26t.png?utm_source=en.wikipedia.org&utm_campaign=imageinfo&utm_content=original,Commons: CC0,Austin FC
australia,crest,File:Shield and crest of Federation University Australia.svg,https://upload.wikimedia.org/wikipedia/en/e/e4/Shield_and_crest_of_Federation_University_Australia.svg?utm_source=en.wikipedia.org&utm_campaign=imageinfo&utm_content=original,Non-free (fair use),Australia
austria,crest,File:Austria national football team crest.svg,https://upload.wikimedia.org/wikipedia/en/b/b7/Austria_national_football_team_crest.svg?utm_source=en.wikipedia.org&utm_campaign=imageinfo&utm_content=original,Non-free (fair use),Austria
bahrain-victorious,crest,File:Team Bahrain Victorious Logo.png,https://upload.wikimedia.org/wikipedia/commons/0/0f/Team_Bahrain_Victorious_Logo.png?utm_source=en.wikipedia.org&utm_campaign=imageinfo&utm_content=original,Commons: CC BY-SA,Team Bahrain Victorious
baltimore-orioles,crest,File:Baltimore Orioles cap.svg,https://upload.wikimedia.org/wikipedia/en/7/75/Baltimore_Orioles_cap.svg?utm_source=en.wikipedia.org&utm_campaign=imageinfo&utm_content=original,Non-free (fair use),Baltimore Orioles
baltimore-ravens,crest,File:Baltimore Ravens logo.svg,https://upload.wikimedia.org/wikipedia/en/1/16/Baltimore_Ravens_logo.svg?utm_source=en.wikipedia.org&utm_campaign=imageinfo&utm_content=original,Non-free (fair use),Baltimore Ravens
barcelona,crest,File:FC Barcelona (crest).svg,https://upload.wikimedia.org/wikipedia/en/4/47/FC_Barcelona_%28crest%29.svg?utm_source=en.wikipedia.org&utm_campaign=imageinfo&utm_content=original,Public domain,FC Barcelona
barcelona,kit-away,File:Kit body barcelona2627a.png,https://upload.wikimedia.org/wikipedia/commons/5/5c/Kit_body_barcelona2627a.png?utm_source=en.wikipedia.org&utm_campaign=imageinfo&utm_content=original,Commons: CC0,FC Barcelona
barcelona,kit-home,File:Kit body barcelona2627h.png,https://upload.wikimedia.org/wikipedia/commons/0/03/Kit_body_barcelona2627h.png?utm_source=en.wikipedia.org&utm_campaign=imageinfo&utm_content=original,Commons: CC0,FC Barcelona
barcelona,kit-third,File:Kit body barcelona2627t.png,https://upload.wikimedia.org/wikipedia/commons/9/95/Kit_body_barcelona2627t.png?utm_source=en.wikipedia.org&utm_campaign=imageinfo&utm_content=original,Commons: CC0,FC Barcelona
bayer-leverkusen,crest,File:Bayer 04 Leverkusen logo.svg,https://upload.wikimedia.org/wikipedia/en/5/59/Bayer_04_Leverkusen_logo.svg?utm_source=en.wikipedia.org&utm_campaign=imageinfo&utm_content=original,Non-free (fair use),Bayer 04 Leverkusen
bayer-leverkusen,kit-away,File:Kit body bayer2627a.png,https://upload.wikimedia.org/wikipedia/commons/2/20/Kit_body_bayer2627a.png?utm_source=en.wikipedia.org&utm_campaign=imageinfo&utm_content=original,Commons: CC0,Bayer 04 Leverkusen
bayer-leverkusen,kit-home,File:Kit body bayer2627h.png,https://upload.wikimedia.org/wikipedia/commons/6/61/Kit_body_bayer2627h.png?utm_source=en.wikipedia.org&utm_campaign=imageinfo&utm_content=original,Commons: CC0,Bayer 04 Leverkusen
bayer-leverkusen,kit-third,File:Kit body bayer2627t.png,https://upload.wikimedia.org/wikipedia/commons/9/9c/Kit_body_bayer2627t.png?utm_source=en.wikipedia.org&utm_campaign=imageinfo&utm_content=original,Commons: CC0,Bayer 04 Leverkusen
bayern-munich,crest,File:Logo FC Bayern München.svg,https://upload.wikimedia.org/wikipedia/commons/1/1f/Logo_FC_Bayern_M%C3%BCnchen_%282002%E2%80%932017%29.svg?utm_source=en.wikipedia.org&utm_campaign=imageinfo&utm_content=original,Commons: Public domain,FC Bayern Munich
bayern-munich,kit-away,File:Kit body bayern2627a.png,https://upload.wikimedia.org/wikipedia/commons/3/3f/Kit_body_bayern2627a.png?utm_source=en.wikipedia.org&utm_campaign=imageinfo&utm_content=original,Commons: CC0,FC Bayern Munich
bayern-munich,kit-home,File:Kit body bayern2627h.png,https://upload.wikimedia.org/wikipedia/commons/0/09/Kit_body_bayern2627h.png?utm_source=en.wikipedia.org&utm_campaign=imageinfo&utm_content=original,Commons: CC0,FC Bayern Munich
bayern-munich,kit-third,File:Kit body bayern2627t.png,https://upload.wikimedia.org/wikipedia/commons/7/7f/Kit_body_bayern2627t.png?utm_source=en.wikipedia.org&utm_campaign=imageinfo&utm_content=original,Commons: CC0,FC Bayern Munich
belgium,crest,File:Sporting hasselt crest.svg,https://upload.wikimedia.org/wikipedia/en/e/e5/Sporting_hasselt_crest.svg?utm_source=en.wikipedia.org&utm_campaign=imageinfo&utm_content=original,Non-free (fair use),Belgium
bodo-glimt,crest,File:FK Bodo Glimt logo.svg,https://upload.wikimedia.org/wikipedia/en/8/8d/FK_Bodo_Glimt_logo.svg?utm_source=en.wikipedia.org&utm_campaign=imageinfo&utm_content=original,Public domain,FK Bodø/Glimt
bodo-glimt,kit-away,File:Kit body bodo26a.png,https://upload.wikimedia.org/wikipedia/commons/9/91/Kit_body_bodo26a.png?utm_source=en.wikipedia.org&utm_campaign=imageinfo&utm_content=original,Commons: CC0,FK Bodø/Glimt
bodo-glimt,kit-home,File:Kit body blackcollar.png,https://upload.wikimedia.org/wikipedia/commons/5/51/Kit_body_blackcollar.png?utm_source=en.wikipedia.org&utm_campaign=imageinfo&utm_content=original,Commons: Public domain,FK Bodø/Glimt
bologna,crest,File:Bologna F.C. 1909 logo.svg,https://upload.wikimedia.org/wikipedia/commons/5/5b/Bologna_F.C._1909_logo.svg?utm_source=en.wikipedia.org&utm_campaign=imageinfo&utm_content=original,Commons: Public domain,Bologna FC 1909
bologna,kit-away,File:Kit body bologna2627a.png,https://upload.wikimedia.org/wikipedia/commons/6/66/Kit_body_bologna2627a.png?utm_source=en.wikipedia.org&utm_campaign=imageinfo&utm_content=original,Commons: CC0,Bologna FC 1909
bologna,kit-home,File:Kit body bologna2627h.png,https://upload.wikimedia.org/wikipedia/commons/6/6a/Kit_body_bologna2627h.png?utm_source=en.wikipedia.org&utm_campaign=imageinfo&utm_content=original,Commons: CC0,Bologna FC 1909
borussia-dortmund,crest,File:Borussia Dortmund logo.svg,https://upload.wikimedia.org/wikipedia/commons/6/67/Borussia_Dortmund_logo.svg?utm_source=en.wikipedia.org&utm_campaign=imageinfo&utm_content=original,Commons: Public domain,Borussia Dortmund
borussia-dortmund,kit-away,File:Kit body bvb2627a.png,https://upload.wikimedia.org/wikipedia/commons/3/37/Kit_body_bvb2627a.png?utm_source=en.wikipedia.org&utm_campaign=imageinfo&utm_content=original,Commons: CC0,Borussia Dortmund
borussia-dortmund,kit-home,File:Kit body bvb2627h.png,https://upload.wikimedia.org/wikipedia/commons/a/ab/Kit_body_bvb2627h.png?utm_source=en.wikipedia.org&utm_campaign=imageinfo&utm_content=original,Commons: CC0,Borussia Dortmund
borussia-dortmund,kit-third,File:Kit body bvb2627t.png,https://upload.wikimedia.org/wikipedia/commons/d/df/Kit_body_bvb2627t.png?utm_source=en.wikipedia.org&utm_campaign=imageinfo&utm_content=original,Commons: CC0,Borussia Dortmund
borussia-monchengladbach,crest,File:Borussia Mönchengladbach logo.svg,https://upload.wikimedia.org/wikipedia/commons/8/81/Borussia_M%C3%B6nchengladbach_logo.svg?utm_source=en.wikipedia.org&utm_campaign=imageinfo&utm_content=original,Commons: Non-free (fair use),Borussia Mönchengladbach
borussia-monchengladbach,kit-away,File:Kit body gladbach2627a.png,https://upload.wikimedia.org/wikipedia/commons/e/e8/Kit_body_gladbach2627a.png?utm_source=en.wikipedia.org&utm_campaign=imageinfo&utm_content=original,Commons: CC0,Borussia Mönchengladbach
borussia-monchengladbach,kit-home,File:Kit body gladbach2627h.png,https://upload.wikimedia.org/wikipedia/commons/0/06/Kit_body_gladbach2627h.png?utm_source=en.wikipedia.org&utm_campaign=imageinfo&utm_content=original,Commons: CC0,Borussia Mönchengladbach
borussia-monchengladbach,kit-third,File:Kit body gladbach2627t.png,https://upload.wikimedia.org/wikipedia/commons/f/fd/Kit_body_gladbach2627t.png?utm_source=en.wikipedia.org&utm_campaign=imageinfo&utm_content=original,Commons: CC0,Borussia Mönchengladbach
bosnia-and-herzegovina,crest,File:CRA of Bosnia and Herzegovina logo.svg,https://upload.wikimedia.org/wikipedia/en/0/03/CRA_of_Bosnia_and_Herzegovina_logo.svg?utm_source=en.wikipedia.org&utm_campaign=imageinfo&utm_content=original,Non-free (fair use),Bosnia and Herzegovina
boston-celtics,crest,File:Boston Celtics.svg,https://upload.wikimedia.org/wikipedia/en/8/8f/Boston_Celtics.svg?utm_source=en.wikipedia.org&utm_campaign=imageinfo&utm_content=original,Non-free (fair use),Boston Celtics
boston-celtics,kit-home,File:Kit body bostonceltics association.png,https://upload.wikimedia.org/wikipedia/commons/d/dd/Kit_body_bostonceltics_association.png?utm_source=en.wikipedia.org&utm_campaign=imageinfo&utm_content=original,Commons: CC BY-SA,Boston Celtics
boston-celtics,kit-third,File:Kit body bostonceltics statement.png,https://upload.wikimedia.org/wikipedia/commons/6/61/Kit_body_bostonceltics_statement.png?utm_source=en.wikipedia.org&utm_campaign=imageinfo&utm_content=original,Commons: CC BY-SA,Boston Celtics
boston-red-sox,crest,File:BostonRedSox1908logo.svg,https://upload.wikimedia.org/wikipedia/commons/5/50/BostonRedSox1908logo.svg?utm_source=en.wikipedia.org&utm_campaign=imageinfo&utm_content=original,Commons: Public domain,Boston Red Sox
brazil,crest,File:Crest of Mocidade Alegre - SP - Brazil.png,https://upload.wikimedia.org/wikipedia/en/e/e1/Crest_of_Mocidade_Alegre_-_SP_-_Brazil.png?utm_source=en.wikipedia.org&utm_campaign=imageinfo&utm_content=original,Non-free (fair use),Brazil
brentford,crest,File:Brentford FC crest.svg,https://upload.wikimedia.org/wikipedia/en/2/2a/Brentford_FC_crest.svg?utm_source=en.wikipedia.org&utm_campaign=imageinfo&utm_content=original,Non-free (fair use),Brentford F.C.
brentford,kit-away,File:Kit body brentford2627a.png,https://upload.wikimedia.org/wikipedia/commons/d/d7/Kit_body_brentford2627a.png?utm_source=en.wikipedia.org&utm_campaign=imageinfo&utm_content=original,Commons: CC0,Brentford F.C.
brentford,kit-home,File:Kit body brentford2627h.png,https://upload.wikimedia.org/wikipedia/commons/7/7f/Kit_body_brentford2627h.png?utm_source=en.wikipedia.org&utm_campaign=imageinfo&utm_content=original,Commons: CC0,Brentford F.C.
brentford,kit-third,File:Kit body brentford2627t.png,https://upload.wikimedia.org/wikipedia/commons/c/c2/Kit_body_brentford2627t.png?utm_source=en.wikipedia.org&utm_campaign=imageinfo&utm_content=original,Commons: CC0,Brentford F.C.
brighton-and-hove-albion,crest,File:Brighton and Hove Albion FC crest.svg,https://upload.wikimedia.org/wikipedia/en/d/d0/Brighton_and_Hove_Albion_FC_crest.svg?utm_source=en.wikipedia.org&utm_campaign=imageinfo&utm_content=original,Non-free (fair use),Brighton & Hove Albion F.C.
brighton-and-hove-albion,kit-away,File:Kit body brighton2627a.png,https://upload.wikimedia.org/wikipedia/commons/8/87/Kit_body_brighton2627a.png?utm_source=en.wikipedia.org&utm_campaign=imageinfo&utm_content=original,Commons: CC0,Brighton & Hove Albion F.C.
brighton-and-hove-albion,kit-home,File:Kit body brighton2627h.png,https://upload.wikimedia.org/wikipedia/commons/0/04/Kit_body_brighton2627h.png?utm_source=en.wikipedia.org&utm_campaign=imageinfo&utm_content=original,Commons: CC0,Brighton & Hove Albion F.C.
brighton-and-hove-albion,kit-third,File:Kit body brighton2627t.png,https://upload.wikimedia.org/wikipedia/commons/7/7c/Kit_body_brighton2627t.png?utm_source=en.wikipedia.org&utm_campaign=imageinfo&utm_content=original,Commons: CC0,Brighton & Hove Albion F.C.
brooklyn-nets,crest,File:Brooklyn Nets primary icon logo 2024.svg,https://upload.wikimedia.org/wikipedia/en/4/40/Brooklyn_Nets_primary_icon_logo_2024.svg?utm_source=en.wikipedia.org&utm_campaign=imageinfo&utm_content=original,Non-free (fair use),Brooklyn Nets
brooklyn-nets,kit-home,File:Kit body 2018-19 BRK city.png,https://upload.wikimedia.org/wikipedia/commons/d/db/Kit_body_2018-19_BRK_city.png?utm_source=en.wikipedia.org&utm_campaign=imageinfo&utm_content=original,Commons: CC BY-SA,Brooklyn Nets
buffalo-bills,crest,File:Buffalo Bills logo.svg,https://upload.wikimedia.org/wikipedia/en/7/77/Buffalo_Bills_logo.svg?utm_source=en.wikipedia.org&utm_campaign=imageinfo&utm_content=original,Non-free (fair use),Buffalo Bills
cadillac,crest,File:Cadillac logo BW.svg,https://upload.wikimedia.org/wikipedia/en/6/66/Cadillac_logo_BW.svg?utm_source=en.wikipedia.org&utm_campaign=imageinfo&utm_content=original,Non-free (fair use),Cadillac
cagliari,crest,File:Cagliari Calcio 1920.svg,https://upload.wikimedia.org/wikipedia/en/6/61/Cagliari_Calcio_1920.svg?utm_source=en.wikipedia.org&utm_campaign=imageinfo&utm_content=original,Non-free (fair use),Cagliari Calcio
cagliari,kit-away,File:Kit body cagliari2627a.png,https://upload.wikimedia.org/wikipedia/commons/8/88/Kit_body_cagliari2627a.png?utm_source=en.wikipedia.org&utm_campaign=imageinfo&utm_content=original,Commons: CC0,Cagliari Calcio
cagliari,kit-home,File:Kit body cagliari2627h.png,https://upload.wikimedia.org/wikipedia/commons/1/10/Kit_body_cagliari2627h.png?utm_source=en.wikipedia.org&utm_campaign=imageinfo&utm_content=original,Commons: CC0,Cagliari Calcio
cagliari,kit-third,File:Kit body cagliari2526T.png,https://upload.wikimedia.org/wikipedia/commons/8/85/Kit_body_cagliari2526T.png?utm_source=en.wikipedia.org&utm_campaign=imageinfo&utm_content=original,Commons: CC0,Cagliari Calcio
canada,crest,File:United Church of Canada crest.svg,https://upload.wikimedia.org/wikipedia/en/e/ea/United_Church_of_Canada_crest.svg?utm_source=en.wikipedia.org&utm_campaign=imageinfo&utm_content=original,Non-free (fair use),Canada
cape-verde,crest,File:Onze Unidos crest.png,https://upload.wikimedia.org/wikipedia/en/b/b2/Onze_Unidos_crest.png?utm_source=en.wikipedia.org&utm_campaign=imageinfo&utm_content=original,Non-free (fair use),Cape Verde
carolina-panthers,crest,File:Carolina Panthers logo.svg,https://upload.wikimedia.org/wikipedia/en/1/1c/Carolina_Panthers_logo.svg?utm_source=en.wikipedia.org&utm_campaign=imageinfo&utm_content=original,Non-free (fair use),Carolina Panthers
celta-vigo,crest,File:RC Celta de Vigo logo.svg,https://upload.wikimedia.org/wikipedia/en/1/12/RC_Celta_de_Vigo_logo.svg?utm_source=en.wikipedia.org&utm_campaign=imageinfo&utm_content=original,Non-free (fair use),RC Celta de Vigo
celta-vigo,kit-away,File:Kit body celta2627a.png,https://upload.wikimedia.org/wikipedia/commons/b/bc/Kit_body_celta2627a.png?utm_source=en.wikipedia.org&utm_campaign=imageinfo&utm_content=original,Commons: CC0,RC Celta de Vigo
celta-vigo,kit-home,File:Kit body celta2627h.png,https://upload.wikimedia.org/wikipedia/commons/7/78/Kit_body_celta2627h.png?utm_source=en.wikipedia.org&utm_campaign=imageinfo&utm_content=original,Commons: CC0,RC Celta de Vigo
celta-vigo,kit-third,File:Kit body celta2627t.png,https://upload.wikimedia.org/wikipedia/commons/e/e9/Kit_body_celta2627t.png?utm_source=en.wikipedia.org&utm_campaign=imageinfo&utm_content=original,Commons: CC0,RC Celta de Vigo
cf-montreal,crest,File:Montreal Impact (MLS) logo.svg,https://upload.wikimedia.org/wikipedia/en/9/94/Montreal_Impact_%28MLS%29_logo.svg?utm_source=en.wikipedia.org&utm_campaign=imageinfo&utm_content=original,Non-free (fair use),CF Montréal
cf-montreal,kit-home,File:Kit body IMPACT 12h.png,https://upload.wikimedia.org/wikipedia/commons/b/b9/Kit_body_IMPACT_12h.png?utm_source=en.wikipedia.org&utm_campaign=imageinfo&utm_content=original,Commons: CC BY-SA,CF Montréal
charlotte-fc,crest,File:Charlotte FC logo.svg,https://upload.wikimedia.org/wikipedia/en/9/91/Charlotte_FC_logo.svg?utm_source=en.wikipedia.org&utm_campaign=imageinfo&utm_content=original,Non-free (fair use),Charlotte FC
charlotte-fc,kit-away,File:Kit body charlotte25a.png,https://upload.wikimedia.org/wikipedia/commons/5/55/Kit_body_charlotte25a.png?utm_source=en.wikipedia.org&utm_campaign=imageinfo&utm_content=original,Commons: CC0,Charlotte FC
charlotte-fc,kit-third,File:Kit body charlotte25t.png,https://upload.wikimedia.org/wikipedia/commons/3/33/Kit_body_charlotte25t.png?utm_source=en.wikipedia.org&utm_campaign=imageinfo&utm_content=original,Commons: CC0,Charlotte FC
charlotte-hornets,crest,File:Charlotte Hornets (2014).svg,https://upload.wikimedia.org/wikipedia/en/c/c4/Charlotte_Hornets_%282014%29.svg?utm_source=en.wikipedia.org&utm_campaign=imageinfo&utm_content=original,Non-free (fair use),Charlotte Hornets
charlotte-hornets,kit-home,File:Kit body charlottehornets association2021.png,https://upload.wikimedia.org/wikipedia/commons/5/59/Kit_body_charlottehornets_association2021.png?utm_source=en.wikipedia.org&utm_campaign=imageinfo&utm_content=original,Commons: CC BY-SA,Charlotte Hornets
chelsea,crest,File:Chelsea FC.svg,https://upload.wikimedia.org/wikipedia/en/c/cc/Chelsea_FC.svg?utm_source=en.wikipedia.org&utm_campaign=imageinfo&utm_content=original,Non-free (fair use),Chelsea F.C.
chelsea,kit-away,File:Kit body chelsea2627a.png,https://upload.wikimedia.org/wikipedia/commons/3/37/Kit_body_chelsea2627a.png?utm_source=en.wikipedia.org&utm_campaign=imageinfo&utm_content=original,Commons: CC0,Chelsea F.C.
chelsea,kit-home,File:Kit body chelsea2627h.png,https://upload.wikimedia.org/wikipedia/commons/2/29/Kit_body_chelsea2627h.png?utm_source=en.wikipedia.org&utm_campaign=imageinfo&utm_content=original,Commons: CC0,Chelsea F.C.
chelsea,kit-third,File:Kit body chelsea2627t.png,https://upload.wikimedia.org/wikipedia/commons/c/cb/Kit_body_chelsea2627t.png?utm_source=en.wikipedia.org&utm_campaign=imageinfo&utm_content=original,Commons: CC0,Chelsea F.C.
chicago-bears,crest,File:Chicago Bears logo primary.svg,https://upload.wikimedia.org/wikipedia/en/1/15/Chicago_Bears_logo_primary.svg?utm_source=en.wikipedia.org&utm_campaign=imageinfo&utm_content=original,Non-free (fair use),Chicago Bears
chicago-bulls,crest,File:Chicago Bulls logo.svg,https://upload.wikimedia.org/wikipedia/commons/6/67/Chicago_Bulls_logo.svg?utm_source=en.wikipedia.org&utm_campaign=imageinfo&utm_content=original,Commons: Public domain,Chicago Bulls
chicago-bulls,kit-home,File:Kit body chicagobulls association.png,https://upload.wikimedia.org/wikipedia/commons/e/e9/Kit_body_chicagobulls_association.png?utm_source=en.wikipedia.org&utm_campaign=imageinfo&utm_content=original,Commons: CC BY-SA,Chicago Bulls
chicago-bulls,kit-third,File:Kit body chicagobulls statement.png,https://upload.wikimedia.org/wikipedia/commons/2/2b/Kit_body_chicagobulls_statement.png?utm_source=en.wikipedia.org&utm_campaign=imageinfo&utm_content=original,Commons: CC BY-SA,Chicago Bulls
chicago-cubs,crest,File:Chicago Cubs logo.svg,https://upload.wikimedia.org/wikipedia/commons/8/80/Chicago_Cubs_logo.svg?utm_source=en.wikipedia.org&utm_campaign=imageinfo&utm_content=original,Commons: Public domain,Chicago Cubs
chicago-fire,crest,"File:Chicago Fire logo, 2021.svg",https://upload.wikimedia.org/wikipedia/commons/0/03/Chicago_Fire_logo%2C_2021.svg?utm_source=en.wikipedia.org&utm_campaign=imageinfo&utm_content=original,Commons: Public domain,Chicago Fire FC
chicago-fire,kit-home,File:Kit body FIRE 12h.png,https://upload.wikimedia.org/wikipedia/commons/5/57/Kit_body_FIRE_12h.png?utm_source=en.wikipedia.org&utm_campaign=imageinfo&utm_content=original,Commons: CC BY-SA,Chicago Fire FC
chicago-white-sox,crest,File:Chicago White Sox.svg,https://upload.wikimedia.org/wikipedia/commons/c/c1/Chicago_White_Sox.svg?utm_source=en.wikipedia.org&utm_campaign=imageinfo&utm_content=original,Commons: Public domain,Chicago White Sox
cincinnati-bengals,crest,File:Cincinnati Bengals logo.svg,https://upload.wikimedia.org/wikipedia/commons/8/81/Cincinnati_Bengals_logo.svg?utm_source=en.wikipedia.org&utm_campaign=imageinfo&utm_content=original,Commons: Public domain,Cincinnati Bengals
cincinnati-reds,crest,File:Cincinnati Reds Logo.svg,https://upload.wikimedia.org/wikipedia/commons/0/01/Cincinnati_Reds_Logo.svg?utm_source=en.wikipedia.org&utm_campaign=imageinfo&utm_content=original,Commons: Public domain,Cincinnati Reds
cleveland-browns,crest,File:Cleveland Browns logo.svg,https://upload.wikimedia.org/wikipedia/en/d/d9/Cleveland_Browns_logo.svg?utm_source=en.wikipedia.org&utm_campaign=imageinfo&utm_content=original,Non-free (fair use),Cleveland Browns
cleveland-cavaliers,crest,File:Cleveland Cavaliers logo.svg,https://upload.wikimedia.org/wikipedia/commons/4/4b/Cleveland_Cavaliers_logo.svg?utm_source=en.wikipedia.org&utm_campaign=imageinfo&utm_content=original,Commons: Non-free (fair use),Cleveland Cavaliers
cleveland-cavaliers,kit-home,File:Kit body '22 Cleveland Cavaliers association.png,https://upload.wikimedia.org/wikipedia/commons/5/57/Kit_body_%2722_Cleveland_Cavaliers_association.png?utm_source=en.wikipedia.org&utm_campaign=imageinfo&utm_content=original,Commons: CC BY-SA,Cleveland Cavaliers
cleveland-cavaliers,kit-third,File:Kit body '22 Cleveland Cavaliers statement.png,https://upload.wikimedia.org/wikipedia/commons/0/0f/Kit_body_%2722_Cleveland_Cavaliers_statement.png?utm_source=en.wikipedia.org&utm_campaign=imageinfo&utm_content=original,Commons: CC BY-SA,Cleveland Cavaliers
cleveland-guardians,crest,File:Cleveland Guardians cap logo.svg,https://upload.wikimedia.org/wikipedia/commons/3/3f/Cleveland_Guardians_cap_logo.svg?utm_source=en.wikipedia.org&utm_campaign=imageinfo&utm_content=original,Commons: Public domain,Cleveland Guardians
club-brugge,crest,File:Club brugge.png,https://upload.wikimedia.org/wikipedia/commons/9/97/Club_brugge.png?utm_source=en.wikipedia.org&utm_campaign=imageinfo&utm_content=original,Commons: CC0,Club Brugge KV
club-brugge,kit-away,File:Kit body brugge2627a.png,https://upload.wikimedia.org/wikipedia/commons/5/51/Kit_body_brugge2627a.png?utm_source=en.wikipedia.org&utm_campaign=imageinfo&utm_content=original,Commons: CC0,Club Brugge KV
club-brugge,kit-home,File:Kit body brugge2627h.png,https://upload.wikimedia.org/wikipedia/commons/c/c2/Kit_body_brugge2627h.png?utm_source=en.wikipedia.org&utm_campaign=imageinfo&utm_content=original,Commons: CC0,Club Brugge KV
colombia,crest,File:Pilot University of Colombia.png,https://upload.wikimedia.org/wikipedia/en/7/71/Pilot_University_of_Colombia.png?utm_source=en.wikipedia.org&utm_campaign=imageinfo&utm_content=original,Non-free (fair use),Colombia
colorado-rapids,crest,File:Colorado Rapids logo.svg,https://upload.wikimedia.org/wikipedia/en/2/2b/Colorado_Rapids_logo.svg?utm_source=en.wikipedia.org&utm_campaign=imageinfo&utm_content=original,Non-free (fair use),Colorado Rapids
colorado-rapids,kit-away,File:Kit body colorado25a.png,https://upload.wikimedia.org/wikipedia/commons/0/03/Kit_body_colorado25a.png?utm_source=en.wikipedia.org&utm_campaign=imageinfo&utm_content=original,Commons: CC0,Colorado Rapids
colorado-rapids,kit-third,File:Kit body colorado25t.png,https://upload.wikimedia.org/wikipedia/commons/4/43/Kit_body_colorado25t.png?utm_source=en.wikipedia.org&utm_campaign=imageinfo&utm_content=original,Commons: CC0,Colorado Rapids
colorado-rockies,crest,File:Colorado Rockies full logo.svg,https://upload.wikimedia.org/wikipedia/en/c/c0/Colorado_Rockies_full_logo.svg?utm_source=en.wikipedia.org&utm_campaign=imageinfo&utm_content=original,Non-free (fair use),Colorado Rockies
columbus-crew,crest,File:Columbus Crew logo 2021.svg,https://upload.wikimedia.org/wikipedia/commons/d/dc/Columbus_Crew_logo_2021.svg?utm_source=en.wikipedia.org&utm_campaign=imageinfo&utm_content=original,Commons: Public domain,Columbus Crew
columbus-crew,kit-home,File:Kit body columbus00h.png,https://upload.wikimedia.org/wikipedia/commons/6/66/Kit_body_columbus00h.png?utm_source=en.wikipedia.org&utm_campaign=imageinfo&utm_content=original,Commons: CC BY-SA,Columbus Crew
como,crest,"File:Calcio Como - logo (Italy, 2019-).svg",https://upload.wikimedia.org/wikipedia/commons/9/99/Calcio_Como_-_logo_%28Italy%2C_2019-%29.svg?utm_source=en.wikipedia.org&utm_campaign=imageinfo&utm_content=original,Commons: Public domain,Como 1907
como,kit-away,File:Kit body como2627a.png,https://upload.wikimedia.org/wikipedia/commons/8/89/Kit_body_como2627a.png?utm_source=en.wikipedia.org&utm_campaign=imageinfo&utm_content=original,Commons: CC0,Como 1907
como,kit-home,File:Kit body como2627h.png,https://upload.wikimedia.org/wikipedia/commons/4/47/Kit_body_como2627h.png?utm_source=en.wikipedia.org&utm_campaign=imageinfo&utm_content=original,Commons: CC0,Como 1907
coventry-city,crest,File:Coventry City FC crest.svg,https://upload.wikimedia.org/wikipedia/en/7/7b/Coventry_City_FC_crest.svg?utm_source=en.wikipedia.org&utm_campaign=imageinfo&utm_content=original,Non-free (fair use),Coventry City F.C.
coventry-city,kit-away,File:Kit body coventry2627a.png,https://upload.wikimedia.org/wikipedia/commons/8/89/Kit_body_coventry2627a.png?utm_source=en.wikipedia.org&utm_campaign=imageinfo&utm_content=original,Commons: CC0,Coventry City F.C.
coventry-city,kit-home,File:Kit body coventry2627h.png,https://upload.wikimedia.org/wikipedia/commons/8/8c/Kit_body_coventry2627h.png?utm_source=en.wikipedia.org&utm_campaign=imageinfo&utm_content=original,Commons: CC0,Coventry City F.C.
coventry-city,kit-third,File:Kit body coventry2627t.png,https://upload.wikimedia.org/wikipedia/commons/8/81/Kit_body_coventry2627t.png?utm_source=en.wikipedia.org&utm_campaign=imageinfo&utm_content=original,Commons: CC0,Coventry City F.C.
croatia,crest,File:Glenorchy Croatia Crest.png,https://upload.wikimedia.org/wikipedia/en/f/ff/Glenorchy_Croatia_Crest.png?utm_source=en.wikipedia.org&utm_campaign=imageinfo&utm_content=original,Non-free (fair use),Croatia
crystal-palace,crest,File:Kit shorts.svg,https://upload.wikimedia.org/wikipedia/commons/a/af/Kit_shorts.svg?utm_source=en.wikipedia.org&utm_campaign=imageinfo&utm_content=original,Commons: Public domain,Crystal Palace F.C.
crystal-palace,kit-away,File:Kit body crystalpalace2627a.png,https://upload.wikimedia.org/wikipedia/commons/4/44/Kit_body_crystalpalace2627a.png?utm_source=en.wikipedia.org&utm_campaign=imageinfo&utm_content=original,Commons: CC0,Crystal Palace F.C.
crystal-palace,kit-home,File:Kit body crystalpalace2627h.png,https://upload.wikimedia.org/wikipedia/commons/2/26/Kit_body_crystalpalace2627h.png?utm_source=en.wikipedia.org&utm_campaign=imageinfo&utm_content=original,Commons: CC0,Crystal Palace F.C.
crystal-palace,kit-third,File:Kit body crystalpalace2627t.png,https://upload.wikimedia.org/wikipedia/commons/2/2a/Kit_body_crystalpalace2627t.png?utm_source=en.wikipedia.org&utm_campaign=imageinfo&utm_content=original,Commons: CC0,Crystal Palace F.C.
curacao,crest,File:Curacao Football Federation.svg,https://upload.wikimedia.org/wikipedia/en/1/1c/Curacao_Football_Federation.svg?utm_source=en.wikipedia.org&utm_campaign=imageinfo&utm_content=original,Non-free (fair use),Curacao
czech-republic,crest,File:Football Association of the Czech Republic logo.svg,https://upload.wikimedia.org/wikipedia/en/e/e1/Football_Association_of_the_Czech_Republic_logo.svg?utm_source=en.wikipedia.org&utm_campaign=imageinfo&utm_content=original,Non-free (fair use),Czech Republic
dallas-cowboys,crest,File:Dallas Cowboys.svg,https://upload.wikimedia.org/wikipedia/commons/1/15/Dallas_Cowboys.svg?utm_source=en.wikipedia.org&utm_campaign=imageinfo&utm_content=original,Commons: Non-free (fair use),Dallas Cowboys
dallas-mavericks,crest,File:Dallas Mavericks logo.svg,https://upload.wikimedia.org/wikipedia/en/9/97/Dallas_Mavericks_logo.svg?utm_source=en.wikipedia.org&utm_campaign=imageinfo&utm_content=original,Non-free (fair use),Dallas Mavericks
dallas-mavericks,kit-away,File:Kit body dallasmavsa.png,https://upload.wikimedia.org/wikipedia/commons/0/05/Kit_body_dallasmavsa.png?utm_source=en.wikipedia.org&utm_campaign=imageinfo&utm_content=original,Commons: CC BY-SA,Dallas Mavericks
dallas-mavericks,kit-home,File:Kit body basketballlightblueborder.png,https://upload.wikimedia.org/wikipedia/commons/9/9f/Kit_body_basketballlightblueborder.png?utm_source=en.wikipedia.org&utm_campaign=imageinfo&utm_content=original,Commons: GFDL,Dallas Mavericks
dc-united,crest,File:D.C. United logo (2016).svg,https://upload.wikimedia.org/wikipedia/en/3/32/D.C._United_logo_%282016%29.svg?utm_source=en.wikipedia.org&utm_campaign=imageinfo&utm_content=original,Non-free (fair use),D.C. United
dc-united,kit-away,File:Kit body dcunited25a.png,https://upload.wikimedia.org/wikipedia/commons/0/03/Kit_body_dcunited25a.png?utm_source=en.wikipedia.org&utm_campaign=imageinfo&utm_content=original,Commons: CC0,D.C. United
dc-united,kit-third,File:Kit body dcunited25t.png,https://upload.wikimedia.org/wikipedia/commons/5/59/Kit_body_dcunited25t.png?utm_source=en.wikipedia.org&utm_campaign=imageinfo&utm_content=original,Commons: CC0,D.C. United
decathlon-cma-cgm,crest,File:Decathlon CMA CGM logo.png,https://upload.wikimedia.org/wikipedia/en/a/a4/Decathlon_CMA_CGM_logo.png?utm_source=en.wikipedia.org&utm_campaign=imageinfo&utm_content=original,Non-free (fair use),Decathlon CMA CGM Team
denver-broncos,crest,File:Denver Broncos logo.svg,https://upload.wikimedia.org/wikipedia/en/4/44/Denver_Broncos_logo.svg?utm_source=en.wikipedia.org&utm_campaign=imageinfo&utm_content=original,Non-free (fair use),Denver Broncos
denver-nuggets,crest,File:Denver Nuggets.svg,https://upload.wikimedia.org/wikipedia/en/7/76/Denver_Nuggets.svg?utm_source=en.wikipedia.org&utm_campaign=imageinfo&utm_content=original,Non-free (fair use),Denver Nuggets
denver-nuggets,kit-home,File:Kit body 2019-20 DEN city.png,https://upload.wikimedia.org/wikipedia/commons/d/de/Kit_body_2019-20_DEN_city.png?utm_source=en.wikipedia.org&utm_campaign=imageinfo&utm_content=original,Commons: CC BY-SA,Denver Nuggets
deportivo-alaves,crest,File:Deportivo Alaves logo (2020).svg,https://upload.wikimedia.org/wikipedia/en/f/f8/Deportivo_Alaves_logo_%282020%29.svg?utm_source=en.wikipedia.org&utm_campaign=imageinfo&utm_content=original,Public domain,Deportivo Alavés
deportivo-alaves,kit-away,File:Kit body alaves2627a.png,https://upload.wikimedia.org/wikipedia/commons/2/2a/Kit_body_alaves2627a.png?utm_source=en.wikipedia.org&utm_campaign=imageinfo&utm_content=original,Commons: CC0,Deportivo Alavés
deportivo-alaves,kit-home,File:Kit body alaves2627h.png,https://upload.wikimedia.org/wikipedia/commons/6/60/Kit_body_alaves2627h.png?utm_source=en.wikipedia.org&utm_campaign=imageinfo&utm_content=original,Commons: CC0,Deportivo Alavés
deportivo-alaves,kit-third,File:Kit body alaves2627t.png,https://upload.wikimedia.org/wikipedia/commons/a/a6/Kit_body_alaves2627t.png?utm_source=en.wikipedia.org&utm_campaign=imageinfo&utm_content=original,Commons: CC0,Deportivo Alavés
deportivo-la-coruna,crest,File:Depor.PNG,https://upload.wikimedia.org/wikipedia/commons/0/0f/Depor.PNG?utm_source=en.wikipedia.org&utm_campaign=imageinfo&utm_content=original,Commons: Public domain,Deportivo de A Coruña
deportivo-la-coruna,kit-away,File:Kit body depor2627a.png,https://upload.wikimedia.org/wikipedia/commons/6/68/Kit_body_depor2627a.png?utm_source=en.wikipedia.org&utm_campaign=imageinfo&utm_content=original,Commons: CC0,Deportivo de A Coruña
deportivo-la-coruna,kit-home,File:Kit body depor2627h.png,https://upload.wikimedia.org/wikipedia/commons/3/3a/Kit_body_depor2627h.png?utm_source=en.wikipedia.org&utm_campaign=imageinfo&utm_content=original,Commons: CC BY-SA,Deportivo de A Coruña
deportivo-la-coruna,kit-third,File:Kit body depor2627t.png,https://upload.wikimedia.org/wikipedia/commons/1/17/Kit_body_depor2627t.png?utm_source=en.wikipedia.org&utm_campaign=imageinfo&utm_content=original,Commons: CC0,Deportivo de A Coruña
detroit-lions,crest,File:Detroit Lions logo.svg,https://upload.wikimedia.org/wikipedia/en/7/71/Detroit_Lions_logo.svg?utm_source=en.wikipedia.org&utm_campaign=imageinfo&utm_content=original,Non-free (fair use),Detroit Lions
detroit-pistons,crest,File:Logo of the Detroit Pistons.svg,https://upload.wikimedia.org/wikipedia/commons/c/c9/Logo_of_the_Detroit_Pistons.svg?utm_source=en.wikipedia.org&utm_campaign=imageinfo&utm_content=original,Commons: Public domain,Detroit Pistons
detroit-pistons,kit-home,File:Kit body detroitpistons association.png,https://upload.wikimedia.org/wikipedia/commons/5/5a/Kit_body_detroitpistons_association.png?utm_source=en.wikipedia.org&utm_campaign=imageinfo&utm_content=original,Commons: CC BY-SA,Detroit Pistons
detroit-tigers,crest,File:Detroit Tigers logo.svg,https://upload.wikimedia.org/wikipedia/commons/e/e3/Detroit_Tigers_logo.svg?utm_source=en.wikipedia.org&utm_campaign=imageinfo&utm_content=original,Commons: Public domain,Detroit Tigers
diriyah,crest,File:Diriyah Club Logo.svg,https://upload.wikimedia.org/wikipedia/en/3/32/Diriyah_Club_Logo.svg?utm_source=en.wikipedia.org&utm_campaign=imageinfo&utm_content=original,Non-free (fair use),Diriyah Club
dr-congo,crest,File:Soccerball current event.svg,https://upload.wikimedia.org/wikipedia/commons/c/ce/Soccerball_current_event.svg?utm_source=en.wikipedia.org&utm_campaign=imageinfo&utm_content=original,Commons: Unknown,Coupe du Congo (DR Congo)
ecuador,crest,File:Logo de la Federación Ecuatoriana de Fútbol (2).svg,https://upload.wikimedia.org/wikipedia/commons/e/e3/Logo_de_la_Federaci%C3%B3n_Ecuatoriana_de_F%C3%BAtbol_%282%29.svg?utm_source=en.wikipedia.org&utm_campaign=imageinfo&utm_content=original,Commons: Public domain,Ecuador
ef-education-easypost,crest,"File:Ef Education-EasyPost, 2023 Paris-Nice (52917736703).jpg",https://upload.wikimedia.org/wikipedia/commons/6/67/Ef_Education-EasyPost%2C_2023_Paris-Nice_%2852917736703%29.jpg?utm_source=en.wikipedia.org&utm_campaign=imageinfo&utm_content=original,Commons: CC BY-SA,EF Education–EasyPost
egypt,crest,File:Egyptian Russian University logo.png,https://upload.wikimedia.org/wikipedia/en/4/42/Egyptian_Russian_University_logo.png?utm_source=en.wikipedia.org&utm_campaign=imageinfo&utm_content=original,Non-free (fair use),Egypt
eintracht-frankfurt,crest,File:Eintracht Frankfurt crest.svg,https://upload.wikimedia.org/wikipedia/en/7/7e/Eintracht_Frankfurt_crest.svg?utm_source=en.wikipedia.org&utm_campaign=imageinfo&utm_content=original,Non-free (fair use),Eintracht Frankfurt
eintracht-frankfurt,kit-away,File:Kit body frankfurt2627a.png,https://upload.wikimedia.org/wikipedia/commons/7/7b/Kit_body_frankfurt2627a.png?utm_source=en.wikipedia.org&utm_campaign=imageinfo&utm_content=original,Commons: CC0,Eintracht Frankfurt
eintracht-frankfurt,kit-home,File:Kit body frankfurt2627h.png,https://upload.wikimedia.org/wikipedia/commons/a/a0/Kit_body_frankfurt2627h.png?utm_source=en.wikipedia.org&utm_campaign=imageinfo&utm_content=original,Commons: CC0,Eintracht Frankfurt
eintracht-frankfurt,kit-third,File:Kit body frankfurt2627t.png,https://upload.wikimedia.org/wikipedia/commons/6/65/Kit_body_frankfurt2627t.png?utm_source=en.wikipedia.org&utm_campaign=imageinfo&utm_content=original,Commons: CC0,Eintracht Frankfurt
elche,crest,File:Elche CF logo.svg,https://upload.wikimedia.org/wikipedia/en/a/a7/Elche_CF_logo.svg?utm_source=en.wikipedia.org&utm_campaign=imageinfo&utm_content=original,Non-free (fair use),Elche CF
elche,kit-away,File:Kit body elche2627a.png,https://upload.wikimedia.org/wikipedia/commons/1/19/Kit_body_elche2627a.png?utm_source=en.wikipedia.org&utm_campaign=imageinfo&utm_content=original,Commons: CC0,Elche CF
elche,kit-home,File:Kit body elche2627h.png,https://upload.wikimedia.org/wikipedia/commons/3/38/Kit_body_elche2627h.png?utm_source=en.wikipedia.org&utm_campaign=imageinfo&utm_content=original,Commons: CC0,Elche CF
elche,kit-third,File:Kit body elche2627t.png,https://upload.wikimedia.org/wikipedia/commons/5/56/Kit_body_elche2627t.png?utm_source=en.wikipedia.org&utm_campaign=imageinfo&utm_content=original,Commons: CC0,Elche CF
england,crest,File:England national football team crest.svg,https://upload.wikimedia.org/wikipedia/en/8/8b/England_national_football_team_crest.svg?utm_source=en.wikipedia.org&utm_campaign=imageinfo&utm_content=original,Non-free (fair use),England
es-troyes-ac,crest,File:ESTAC Troyes Logo.svg,https://upload.wikimedia.org/wikipedia/commons/a/a9/ESTAC_Troyes_Logo.svg?utm_source=en.wikipedia.org&utm_campaign=imageinfo&utm_content=original,Commons: Public domain,ES Troyes AC
es-troyes-ac,kit-away,File:Kit body troyes2627a.png,https://upload.wikimedia.org/wikipedia/commons/c/c6/Kit_body_troyes2627a.png?utm_source=en.wikipedia.org&utm_campaign=imageinfo&utm_content=original,Commons: CC0,ES Troyes AC
es-troyes-ac,kit-home,File:Kit body troyes2526h.png,https://upload.wikimedia.org/wikipedia/commons/4/43/Kit_body_troyes2526h.png?utm_source=en.wikipedia.org&utm_campaign=imageinfo&utm_content=original,Commons: CC0,ES Troyes AC
es-troyes-ac,kit-third,File:Kit body troyes2526t.png,https://upload.wikimedia.org/wikipedia/commons/e/e8/Kit_body_troyes2526t.png?utm_source=en.wikipedia.org&utm_campaign=imageinfo&utm_content=original,Commons: CC0,ES Troyes AC
espanyol,crest,File:RCD Espanyol crest.svg,https://upload.wikimedia.org/wikipedia/en/9/92/RCD_Espanyol_crest.svg?utm_source=en.wikipedia.org&utm_campaign=imageinfo&utm_content=original,Non-free (fair use),RCD Espanyol
espanyol,kit-away,File:Kit body rcde2627a.png,https://upload.wikimedia.org/wikipedia/commons/0/0a/Kit_body_rcde2627a.png?utm_source=en.wikipedia.org&utm_campaign=imageinfo&utm_content=original,Commons: CC0,RCD Espanyol
espanyol,kit-home,File:Kit body rcde2627h.png,https://upload.wikimedia.org/wikipedia/commons/a/a6/Kit_body_rcde2627h.png?utm_source=en.wikipedia.org&utm_campaign=imageinfo&utm_content=original,Commons: CC0,RCD Espanyol
espanyol,kit-third,File:Kit body rcde2627t.png,https://upload.wikimedia.org/wikipedia/commons/2/23/Kit_body_rcde2627t.png?utm_source=en.wikipedia.org&utm_campaign=imageinfo&utm_content=original,Commons: CC0,RCD Espanyol
everton,crest,File:Everton FC logo.svg,https://upload.wikimedia.org/wikipedia/en/7/7c/Everton_FC_logo.svg?utm_source=en.wikipedia.org&utm_campaign=imageinfo&utm_content=original,Non-free (fair use),Everton F.C.
everton,kit-away,File:Kit body everton2627a.png,https://upload.wikimedia.org/wikipedia/commons/c/c2/Kit_body_everton2627a.png?utm_source=en.wikipedia.org&utm_campaign=imageinfo&utm_content=original,Commons: CC0,Everton F.C.
everton,kit-home,File:Kit body everton2627h.png,https://upload.wikimedia.org/wikipedia/commons/a/a4/Kit_body_everton2627h.png?utm_source=en.wikipedia.org&utm_campaign=imageinfo&utm_content=original,Commons: CC0,Everton F.C.
everton,kit-third,File:Kit body everton2627t.png,https://upload.wikimedia.org/wikipedia/commons/a/a5/Kit_body_everton2627t.png?utm_source=en.wikipedia.org&utm_campaign=imageinfo&utm_content=original,Commons: CC0,Everton F.C.
fc-augsburg,crest,File:FC Augsburg logo.svg,https://upload.wikimedia.org/wikipedia/en/c/c5/FC_Augsburg_logo.svg?utm_source=en.wikipedia.org&utm_campaign=imageinfo&utm_content=original,Non-free (fair use),FC Augsburg
fc-augsburg,kit-away,File:Kit body augsburg2627a.png,https://upload.wikimedia.org/wikipedia/commons/6/6a/Kit_body_augsburg2627a.png?utm_source=en.wikipedia.org&utm_campaign=imageinfo&utm_content=original,Commons: CC0,FC Augsburg
fc-augsburg,kit-home,File:Kit body augsburg2627h.png,https://upload.wikimedia.org/wikipedia/commons/e/e5/Kit_body_augsburg2627h.png?utm_source=en.wikipedia.org&utm_campaign=imageinfo&utm_content=original,Commons: CC0,FC Augsburg
fc-augsburg,kit-third,File:Kit body augsburg2627t.png,https://upload.wikimedia.org/wikipedia/commons/0/0b/Kit_body_augsburg2627t.png?utm_source=en.wikipedia.org&utm_campaign=imageinfo&utm_content=original,Commons: CC0,FC Augsburg
fc-cincinnati,crest,File:FC Cincinnati primary logo 2018.svg,https://upload.wikimedia.org/wikipedia/en/7/78/FC_Cincinnati_primary_logo_2018.svg?utm_source=en.wikipedia.org&utm_campaign=imageinfo&utm_content=original,Non-free (fair use),FC Cincinnati
fc-cincinnati,kit-away,File:Kit body cincinnati26aA.png,https://upload.wikimedia.org/wikipedia/commons/4/41/Kit_body_cincinnati26aA.png?utm_source=en.wikipedia.org&utm_campaign=imageinfo&utm_content=original,Commons: CC0,FC Cincinnati
fc-cincinnati,kit-home,File:Kit body fccincinnati25h.png,https://upload.wikimedia.org/wikipedia/commons/a/a5/Kit_body_fccincinnati25h.png?utm_source=en.wikipedia.org&utm_campaign=imageinfo&utm_content=original,Commons: CC0,FC Cincinnati
fc-dallas,crest,File:FC Dallas logo.svg,https://upload.wikimedia.org/wikipedia/en/c/c9/FC_Dallas_logo.svg?utm_source=en.wikipedia.org&utm_campaign=imageinfo&utm_content=original,Non-free (fair use),FC Dallas
fc-dallas,kit-home,File:Kit body BURN 00p.png,https://upload.wikimedia.org/wikipedia/commons/0/03/Kit_body_BURN_00p.png?utm_source=en.wikipedia.org&utm_campaign=imageinfo&utm_content=original,Commons: CC0,FC Dallas
fc-koln,crest,File:1. FC Koeln Logo 2014–.svg,https://upload.wikimedia.org/wikipedia/commons/0/01/1._FC_Koeln_Logo_2014%E2%80%93.svg?utm_source=en.wikipedia.org&utm_campaign=imageinfo&utm_content=original,Commons: CC BY-SA,1. FC Köln
fc-koln,kit-away,File:Kit body koeln2627a.png,https://upload.wikimedia.org/wikipedia/commons/8/83/Kit_body_koeln2627a.png?utm_source=en.wikipedia.org&utm_campaign=imageinfo&utm_content=original,Commons: CC0,1. FC Köln
fc-koln,kit-home,File:Kit body koeln2627h.png,https://upload.wikimedia.org/wikipedia/commons/2/28/Kit_body_koeln2627h.png?utm_source=en.wikipedia.org&utm_campaign=imageinfo&utm_content=original,Commons: CC0,1. FC Köln
fc-koln,kit-third,File:Kit body koeln2627t.png,https://upload.wikimedia.org/wikipedia/commons/9/9b/Kit_body_koeln2627t.png?utm_source=en.wikipedia.org&utm_campaign=imageinfo&utm_content=original,Commons: CC0,1. FC Köln
fc-lorient,crest,File:FC Lorient logo.svg,https://upload.wikimedia.org/wikipedia/en/4/4c/FC_Lorient_logo.svg?utm_source=en.wikipedia.org&utm_campaign=imageinfo&utm_content=original,Non-free (fair use),FC Lorient
fc-lorient,kit-away,File:Kit body lorient2526a.png,https://upload.wikimedia.org/wikipedia/commons/a/af/Kit_body_lorient2526a.png?utm_source=en.wikipedia.org&utm_campaign=imageinfo&utm_content=original,Commons: CC0,FC Lorient
fc-lorient,kit-home,File:Kit body lorient2526h.png,https://upload.wikimedia.org/wikipedia/commons/a/ad/Kit_body_lorient2526h.png?utm_source=en.wikipedia.org&utm_campaign=imageinfo&utm_content=original,Commons: CC0,FC Lorient
fc-lorient,kit-third,File:Kit body lorient2526t.png,https://upload.wikimedia.org/wikipedia/commons/5/5a/Kit_body_lorient2526t.png?utm_source=en.wikipedia.org&utm_campaign=imageinfo&utm_content=original,Commons: CC0,FC Lorient
fenerbahce,crest,File:Fenerbahçe.svg,https://upload.wikimedia.org/wikipedia/en/3/39/Fenerbah%C3%A7e.svg?utm_source=en.wikipedia.org&utm_campaign=imageinfo&utm_content=original,Non-free (fair use),Fenerbahçe S.K. (football)
fenerbahce,kit-away,File:Kit body fenerbahce2627a.png,https://upload.wikimedia.org/wikipedia/commons/d/da/Kit_body_fenerbahce2627a.png?utm_source=en.wikipedia.org&utm_campaign=imageinfo&utm_content=original,Commons: CC0,Fenerbahçe S.K. (football)
fenerbahce,kit-home,File:Kit body fenerbahce2627h.png,https://upload.wikimedia.org/wikipedia/commons/9/9d/Kit_body_fenerbahce2627h.png?utm_source=en.wikipedia.org&utm_campaign=imageinfo&utm_content=original,Commons: CC0,Fenerbahçe S.K. (football)
fenerbahce,kit-third,File:Kit body fenerbahce2627t.png,https://upload.wikimedia.org/wikipedia/commons/6/6b/Kit_body_fenerbahce2627t.png?utm_source=en.wikipedia.org&utm_campaign=imageinfo&utm_content=original,Commons: CC0,Fenerbahçe S.K. (football)
ferrari,crest,File:Scuderia Ferrari HP logo 24.svg,https://upload.wikimedia.org/wikipedia/en/d/df/Scuderia_Ferrari_HP_logo_24.svg?utm_source=en.wikipedia.org&utm_campaign=imageinfo&utm_content=original,Non-free (fair use),Scuderia Ferrari
feyenoord,crest,File:Feyenoord logo since 2024.svg,https://upload.wikimedia.org/wikipedia/commons/f/f9/Feyenoord_logo_since_2024.svg?utm_source=en.wikipedia.org&utm_campaign=imageinfo&utm_content=original,Commons: Public domain,Feyenoord
feyenoord,kit-away,File:Kit body feyenoord2627a.png,https://upload.wikimedia.org/wikipedia/commons/a/aa/Kit_body_feyenoord2627a.png?utm_source=en.wikipedia.org&utm_campaign=imageinfo&utm_content=original,Commons: CC0,Feyenoord
feyenoord,kit-home,File:Kit body feyenoord2627h.png,https://upload.wikimedia.org/wikipedia/commons/a/a1/Kit_body_feyenoord2627h.png?utm_source=en.wikipedia.org&utm_campaign=imageinfo&utm_content=original,Commons: CC0,Feyenoord
feyenoord,kit-third,File:Kit body feyenoord2627t.png,https://upload.wikimedia.org/wikipedia/commons/9/99/Kit_body_feyenoord2627t.png?utm_source=en.wikipedia.org&utm_campaign=imageinfo&utm_content=original,Commons: CC0,Feyenoord
fiorentina,crest,"File:ACF Fiorentina - logo (Italy, 2022).svg",https://upload.wikimedia.org/wikipedia/commons/8/8c/ACF_Fiorentina_-_logo_%28Italy%2C_2022%29.svg?utm_source=en.wikipedia.org&utm_campaign=imageinfo&utm_content=original,Commons: Public domain,ACF Fiorentina
fiorentina,kit-away,File:Kit body fiorentina2627a.png,https://upload.wikimedia.org/wikipedia/commons/f/f1/Kit_body_fiorentina2627a.png?utm_source=en.wikipedia.org&utm_campaign=imageinfo&utm_content=original,Commons: CC0,ACF Fiorentina
fiorentina,kit-home,File:Kit body fiorentina2627h.png,https://upload.wikimedia.org/wikipedia/commons/2/25/Kit_body_fiorentina2627h.png?utm_source=en.wikipedia.org&utm_campaign=imageinfo&utm_content=original,Commons: CC0,ACF Fiorentina
france,crest,"File:Logo of ESSTIN, France.png",https://upload.wikimedia.org/wikipedia/en/6/6b/Logo_of_ESSTIN%2C_France.png?utm_source=en.wikipedia.org&utm_campaign=imageinfo&utm_content=original,Non-free (fair use),France
frosinone,crest,File:Frosinone Calcio logo.svg,https://upload.wikimedia.org/wikipedia/en/0/0b/Frosinone_Calcio_logo.svg?utm_source=en.wikipedia.org&utm_campaign=imageinfo&utm_content=original,Non-free (fair use),Frosinone Calcio
fulham,crest,File:Fulham FC (shield).svg,https://upload.wikimedia.org/wikipedia/en/e/eb/Fulham_FC_%28shield%29.svg?utm_source=en.wikipedia.org&utm_campaign=imageinfo&utm_content=original,Public domain,Fulham F.C.
fulham,kit-away,File:Kit body fulham2627a.png,https://upload.wikimedia.org/wikipedia/commons/2/20/Kit_body_fulham2627a.png?utm_source=en.wikipedia.org&utm_campaign=imageinfo&utm_content=original,Commons: CC0,Fulham F.C.
fulham,kit-home,File:Kit body fulham2627h.png,https://upload.wikimedia.org/wikipedia/commons/f/f3/Kit_body_fulham2627h.png?utm_source=en.wikipedia.org&utm_campaign=imageinfo&utm_content=original,Commons: CC0,Fulham F.C.
fulham,kit-third,File:Kit body fulham2627t.png,https://upload.wikimedia.org/wikipedia/commons/1/11/Kit_body_fulham2627t.png?utm_source=en.wikipedia.org&utm_campaign=imageinfo&utm_content=original,Commons: CC0,Fulham F.C.
galatasaray,crest,File:Galatasaray SK football logo.png,https://upload.wikimedia.org/wikipedia/en/4/49/Galatasaray_SK_football_logo.png?utm_source=en.wikipedia.org&utm_campaign=imageinfo&utm_content=original,Public domain,Galatasaray S.K. (football)
galatasaray,kit-away,File:Kit body galatasaray2627a.png,https://upload.wikimedia.org/wikipedia/commons/9/92/Kit_body_galatasaray2627a.png?utm_source=en.wikipedia.org&utm_campaign=imageinfo&utm_content=original,Commons: CC0,Galatasaray S.K. (football)
galatasaray,kit-home,File:Kit body galatasaray2627h.png,https://upload.wikimedia.org/wikipedia/commons/9/9f/Kit_body_galatasaray2627h.png?utm_source=en.wikipedia.org&utm_campaign=imageinfo&utm_content=original,Commons: CC0,Galatasaray S.K. (football)
galatasaray,kit-third,File:Kit body galatasaray2627t.png,https://upload.wikimedia.org/wikipedia/commons/d/d8/Kit_body_galatasaray2627t.png?utm_source=en.wikipedia.org&utm_campaign=imageinfo&utm_content=original,Commons: CC0,Galatasaray S.K. (football)
genoa,crest,File:Genoa CFC crest.svg,https://upload.wikimedia.org/wikipedia/en/2/2c/Genoa_CFC_crest.svg?utm_source=en.wikipedia.org&utm_campaign=imageinfo&utm_content=original,Non-free (fair use),Genoa CFC
genoa,kit-away,File:Kit body genoa2627a.png,https://upload.wikimedia.org/wikipedia/commons/b/b6/Kit_body_genoa2627a.png?utm_source=en.wikipedia.org&utm_campaign=imageinfo&utm_content=original,Commons: CC0,Genoa CFC
genoa,kit-home,File:Kit body genoa2627h.png,https://upload.wikimedia.org/wikipedia/commons/f/f1/Kit_body_genoa2627h.png?utm_source=en.wikipedia.org&utm_campaign=imageinfo&utm_content=original,Commons: CC0,Genoa CFC
genoa,kit-third,File:Kit body genoa2526t.png,https://upload.wikimedia.org/wikipedia/commons/0/0a/Kit_body_genoa2526t.png?utm_source=en.wikipedia.org&utm_campaign=imageinfo&utm_content=original,Commons: CC0,Genoa CFC
germany,crest,File:University of Mississippi logo.svg,https://upload.wikimedia.org/wikipedia/en/4/42/University_of_Mississippi_logo.svg?utm_source=en.wikipedia.org&utm_campaign=imageinfo&utm_content=original,Public domain,Germany
getafe,crest,File:Getafe logo.svg,https://upload.wikimedia.org/wikipedia/en/4/46/Getafe_logo.svg?utm_source=en.wikipedia.org&utm_campaign=imageinfo&utm_content=original,Non-free (fair use),Getafe CF
getafe,kit-away,File:Kit body getafe2627a.png,https://upload.wikimedia.org/wikipedia/commons/e/e6/Kit_body_getafe2627a.png?utm_source=en.wikipedia.org&utm_campaign=imageinfo&utm_content=original,Commons: CC0,Getafe CF
getafe,kit-home,File:Kit body getafe2627h.png,https://upload.wikimedia.org/wikipedia/commons/7/7c/Kit_body_getafe2627h.png?utm_source=en.wikipedia.org&utm_campaign=imageinfo&utm_content=original,Commons: CC0,Getafe CF
getafe,kit-third,File:Kit body getafe2627t.png,https://upload.wikimedia.org/wikipedia/commons/8/86/Kit_body_getafe2627t.png?utm_source=en.wikipedia.org&utm_campaign=imageinfo&utm_content=original,Commons: CC0,Getafe CF
ghana,crest,File:Presbyterian Church of Ghana Crest.png,https://upload.wikimedia.org/wikipedia/commons/b/b5/Presbyterian_Church_of_Ghana_Crest.png?utm_source=en.wikipedia.org&utm_campaign=imageinfo&utm_content=original,Commons: CC BY-SA,Ghana
golden-state-warriors,crest,File:Golden State Warriors logo.svg,https://upload.wikimedia.org/wikipedia/en/0/01/Golden_State_Warriors_logo.svg?utm_source=en.wikipedia.org&utm_campaign=imageinfo&utm_content=original,Non-free (fair use),Golden State Warriors
golden-state-warriors,kit-home,File:Kit body gswarriors association.png,https://upload.wikimedia.org/wikipedia/commons/4/44/Kit_body_gswarriors_association.png?utm_source=en.wikipedia.org&utm_campaign=imageinfo&utm_content=original,Commons: CC BY-SA,Golden State Warriors
green-bay-packers,crest,File:Green Bay Packers logo.svg,https://upload.wikimedia.org/wikipedia/commons/5/50/Green_Bay_Packers_logo.svg?utm_source=en.wikipedia.org&utm_campaign=imageinfo&utm_content=original,Commons: Public domain,Green Bay Packers
groupama-fdj-united,crest,File:FDJ (cycling team) logo.png,https://upload.wikimedia.org/wikipedia/en/1/1c/FDJ_%28cycling_team%29_logo.png?utm_source=en.wikipedia.org&utm_campaign=imageinfo&utm_content=original,Non-free (fair use),Groupama–FDJ United
haas,crest,File:Vector search icon.svg,https://upload.wikimedia.org/wikipedia/commons/7/7e/Vector_search_icon.svg?utm_source=en.wikipedia.org&utm_campaign=imageinfo&utm_content=original,Commons: Public domain,Haas
haiti,crest,File:Federation Haitienne de Football.png,https://upload.wikimedia.org/wikipedia/en/e/e7/Federation_Haitienne_de_Football.png?utm_source=en.wikipedia.org&utm_campaign=imageinfo&utm_content=original,Non-free (fair use),Haiti
hamburger-sv,crest,File:Hamburger SV logo.svg,https://upload.wikimedia.org/wikipedia/commons/f/f7/Hamburger_SV_logo.svg?utm_source=en.wikipedia.org&utm_campaign=imageinfo&utm_content=original,Commons: Public domain,Hamburger SV
hamburger-sv,kit-away,File:Kit body hsv2627a.png,https://upload.wikimedia.org/wikipedia/commons/c/c7/Kit_body_hsv2627a.png?utm_source=en.wikipedia.org&utm_campaign=imageinfo&utm_content=original,Commons: CC0,Hamburger SV
hamburger-sv,kit-home,File:Kit body hsv2627h.png,https://upload.wikimedia.org/wikipedia/commons/2/27/Kit_body_hsv2627h.png?utm_source=en.wikipedia.org&utm_campaign=imageinfo&utm_content=original,Commons: CC0,Hamburger SV
hamburger-sv,kit-third,File:Kit body hsv2627t.png,https://upload.wikimedia.org/wikipedia/commons/5/57/Kit_body_hsv2627t.png?utm_source=en.wikipedia.org&utm_campaign=imageinfo&utm_content=original,Commons: CC0,Hamburger SV
houston-astros,crest,File:Houston-Astros-Logo.svg,https://upload.wikimedia.org/wikipedia/commons/6/6b/Houston-Astros-Logo.svg?utm_source=en.wikipedia.org&utm_campaign=imageinfo&utm_content=original,Commons: Public domain,Houston Astros
houston-dynamo,crest,File:Houston Dynamo FC logo.svg,https://upload.wikimedia.org/wikipedia/commons/6/66/Houston_Dynamo_FC_logo.svg?utm_source=en.wikipedia.org&utm_campaign=imageinfo&utm_content=original,Commons: Public domain,Houston Dynamo FC
houston-dynamo,kit-away,File:Kit body houstondynamo26aA.png,https://upload.wikimedia.org/wikipedia/commons/1/1a/Kit_body_houstondynamo26aA.png?utm_source=en.wikipedia.org&utm_campaign=imageinfo&utm_content=original,Commons: CC0,Houston Dynamo FC
houston-dynamo,kit-home,File:Kit body houstondynamo25h.png,https://upload.wikimedia.org/wikipedia/commons/c/c9/Kit_body_houstondynamo25h.png?utm_source=en.wikipedia.org&utm_campaign=imageinfo&utm_content=original,Commons: CC0,Houston Dynamo FC
houston-dynamo,kit-third,File:Kit body houston26t.png,https://upload.wikimedia.org/wikipedia/commons/5/5b/Kit_body_houston26t.png?utm_source=en.wikipedia.org&utm_campaign=imageinfo&utm_content=original,Commons: CC0,Houston Dynamo FC
houston-rockets,crest,File:Houston Rockets.svg,https://upload.wikimedia.org/wikipedia/en/2/28/Houston_Rockets.svg?utm_source=en.wikipedia.org&utm_campaign=imageinfo&utm_content=original,Non-free (fair use),Houston Rockets
houston-rockets,kit-home,File:Kit body '26 Houston Rockets association.png,https://upload.wikimedia.org/wikipedia/commons/8/8b/Kit_body_%2726_Houston_Rockets_association.png?utm_source=en.wikipedia.org&utm_campaign=imageinfo&utm_content=original,Commons: CC0,Houston Rockets
houston-rockets,kit-third,File:Kit body '26 Houston Rockets statement.png,https://upload.wikimedia.org/wikipedia/commons/f/fd/Kit_body_%2726_Houston_Rockets_statement.png?utm_source=en.wikipedia.org&utm_campaign=imageinfo&utm_content=original,Commons: CC0,Houston Rockets
houston-texans,crest,File:Houston Texans logo.svg,https://upload.wikimedia.org/wikipedia/en/2/28/Houston_Texans_logo.svg?utm_source=en.wikipedia.org&utm_campaign=imageinfo&utm_content=original,Non-free (fair use),Houston Texans
hull-city,crest,File:Hull old badge.png,https://upload.wikimedia.org/wikipedia/en/2/26/Hull_old_badge.png?utm_source=en.wikipedia.org&utm_campaign=imageinfo&utm_content=original,Non-free (fair use),Hull City A.F.C.
hull-city,kit-away,File:Kit body hull2627a.png,https://upload.wikimedia.org/wikipedia/commons/1/1a/Kit_body_hull2627a.png?utm_source=en.wikipedia.org&utm_campaign=imageinfo&utm_content=original,Commons: CC0,Hull City A.F.C.
hull-city,kit-home,File:Kit body hull2627h.png,https://upload.wikimedia.org/wikipedia/commons/1/1d/Kit_body_hull2627h.png?utm_source=en.wikipedia.org&utm_campaign=imageinfo&utm_content=original,Commons: CC0,Hull City A.F.C.
hull-city,kit-third,File:Kit body hull2627t.png,https://upload.wikimedia.org/wikipedia/commons/2/2f/Kit_body_hull2627t.png?utm_source=en.wikipedia.org&utm_campaign=imageinfo&utm_content=original,Commons: CC0,Hull City A.F.C.
indiana-pacers,crest,File:Indiana Pacers.svg,https://upload.wikimedia.org/wikipedia/en/1/1b/Indiana_Pacers.svg?utm_source=en.wikipedia.org&utm_campaign=imageinfo&utm_content=original,Non-free (fair use),Indiana Pacers
indiana-pacers,kit-home,File:Kit body indianapacers association.png,https://upload.wikimedia.org/wikipedia/commons/6/67/Kit_body_indianapacers_association.png?utm_source=en.wikipedia.org&utm_campaign=imageinfo&utm_content=original,Commons: CC BY-SA,Indiana Pacers
indiana-pacers,kit-third,File:Kit body '26 Indiana Pacers statement.png,https://upload.wikimedia.org/wikipedia/commons/f/f1/Kit_body_%2726_Indiana_Pacers_statement.png?utm_source=en.wikipedia.org&utm_campaign=imageinfo&utm_content=original,Commons: CC BY-SA,Indiana Pacers
indianapolis-colts,crest,File:Indianapolis Colts logo.svg,https://upload.wikimedia.org/wikipedia/commons/0/00/Indianapolis_Colts_logo.svg?utm_source=en.wikipedia.org&utm_campaign=imageinfo&utm_content=original,Commons: Public domain,Indianapolis Colts
ineos-grenadiers,crest,File:Ineos Grenadiers Logo.png,https://upload.wikimedia.org/wikipedia/commons/f/f5/Ineos_Grenadiers_Logo.png?utm_source=en.wikipedia.org&utm_campaign=imageinfo&utm_content=original,Commons: CC0,INEOS Grenadiers
inter-miami,crest,File:Inter Miami CF logo.svg,https://upload.wikimedia.org/wikipedia/en/5/5c/Inter_Miami_CF_logo.svg?utm_source=en.wikipedia.org&utm_campaign=imageinfo&utm_content=original,Non-free (fair use),Inter Miami CF
inter-miami,kit-away,File:Kit body intermiami20a.png,https://upload.wikimedia.org/wikipedia/commons/d/d8/Kit_body_intermiami20a.png?utm_source=en.wikipedia.org&utm_campaign=imageinfo&utm_content=original,Commons: CC BY-SA,Inter Miami CF
inter-miami,kit-home,File:Kit body intermiami20h.png,https://upload.wikimedia.org/wikipedia/commons/0/01/Kit_body_intermiami20h.png?utm_source=en.wikipedia.org&utm_campaign=imageinfo&utm_content=original,Commons: CC BY-SA,Inter Miami CF
inter-milan,crest,File:FC Internazionale Milano 2021.svg,https://upload.wikimedia.org/wikipedia/commons/0/05/FC_Internazionale_Milano_2021.svg?utm_source=en.wikipedia.org&utm_campaign=imageinfo&utm_content=original,Commons: Public domain,Inter Milan
inter-milan,kit-away,File:Kit body intermilan2627a.png,https://upload.wikimedia.org/wikipedia/commons/6/66/Kit_body_intermilan2627a.png?utm_source=en.wikipedia.org&utm_campaign=imageinfo&utm_content=original,Commons: CC0,Inter Milan
inter-milan,kit-home,File:Kit body intermilan2627h.png,https://upload.wikimedia.org/wikipedia/commons/6/6c/Kit_body_intermilan2627h.png?utm_source=en.wikipedia.org&utm_campaign=imageinfo&utm_content=original,Commons: CC0,Inter Milan
inter-milan,kit-third,File:Kit body intermilan2627t.png,https://upload.wikimedia.org/wikipedia/commons/5/5d/Kit_body_intermilan2627t.png?utm_source=en.wikipedia.org&utm_campaign=imageinfo&utm_content=original,Commons: CC0,Inter Milan
ipswich-town,crest,File:Ipswich Town.svg,https://upload.wikimedia.org/wikipedia/en/4/43/Ipswich_Town.svg?utm_source=en.wikipedia.org&utm_campaign=imageinfo&utm_content=original,Non-free (fair use),Ipswich Town F.C.
ipswich-town,kit-away,File:Kit body ipswich2627a.png,https://upload.wikimedia.org/wikipedia/commons/8/8f/Kit_body_ipswich2627a.png?utm_source=en.wikipedia.org&utm_campaign=imageinfo&utm_content=original,Commons: CC0,Ipswich Town F.C.
ipswich-town,kit-home,File:Kit body ipswich2627h.png,https://upload.wikimedia.org/wikipedia/commons/0/0f/Kit_body_ipswich2627h.png?utm_source=en.wikipedia.org&utm_campaign=imageinfo&utm_content=original,Commons: CC0,Ipswich Town F.C.
iran,crest,File:Iranian Business School Logo.png,https://upload.wikimedia.org/wikipedia/en/a/ad/Iranian_Business_School_Logo.png?utm_source=en.wikipedia.org&utm_campaign=imageinfo&utm_content=original,Non-free (fair use),Iran
iraq,crest,File:Iraqi Women's Football League crest.png,https://upload.wikimedia.org/wikipedia/en/3/35/Iraqi_Women%27s_Football_League_crest.png?utm_source=en.wikipedia.org&utm_campaign=imageinfo&utm_content=original,Non-free (fair use),Iraq
ivory-coast,crest,File:Coat of Arms of the Ivory Coast.svg,https://upload.wikimedia.org/wikipedia/commons/9/9d/Coat_of_Arms_of_the_Ivory_Coast.svg?utm_source=en.wikipedia.org&utm_campaign=imageinfo&utm_content=original,Commons: CC BY-SA,Ivory Coast
jacksonville-jaguars,crest,File:Jacksonville Jaguars logo.svg,https://upload.wikimedia.org/wikipedia/en/7/74/Jacksonville_Jaguars_logo.svg?utm_source=en.wikipedia.org&utm_campaign=imageinfo&utm_content=original,Non-free (fair use),Jacksonville Jaguars
japan,crest,File:Japan national football team crest.svg,https://upload.wikimedia.org/wikipedia/en/8/84/Japan_national_football_team_crest.svg?utm_source=en.wikipedia.org&utm_campaign=imageinfo&utm_content=original,Non-free (fair use),Japan
jordan,crest,File:Yarmouk SC Jordan Logo.png,https://upload.wikimedia.org/wikipedia/en/4/4f/Yarmouk_SC_Jordan_Logo.png?utm_source=en.wikipedia.org&utm_campaign=imageinfo&utm_content=original,Non-free (fair use),Jordan
juventus,crest,"File:Juventus FC - logo black (Italy, 2020).svg",https://upload.wikimedia.org/wikipedia/commons/e/ed/Juventus_FC_-_logo_black_%28Italy%2C_2020%29.svg?utm_source=en.wikipedia.org&utm_campaign=imageinfo&utm_content=original,Commons: Public domain,Juventus FC
juventus,kit-away,File:Kit body juventus2627a.png,https://upload.wikimedia.org/wikipedia/commons/3/33/Kit_body_juventus2627a.png?utm_source=en.wikipedia.org&utm_campaign=imageinfo&utm_content=original,Commons: CC0,Juventus FC
juventus,kit-home,File:Kit body juventus2627h.png,https://upload.wikimedia.org/wikipedia/commons/6/62/Kit_body_juventus2627h.png?utm_source=en.wikipedia.org&utm_campaign=imageinfo&utm_content=original,Commons: CC0,Juventus FC
juventus,kit-third,File:Kit body juventus2627t.png,https://upload.wikimedia.org/wikipedia/commons/6/6d/Kit_body_juventus2627t.png?utm_source=en.wikipedia.org&utm_campaign=imageinfo&utm_content=original,Commons: CC0,Juventus FC
kansas-city-chiefs,crest,File:Kansas City Chiefs logo.svg,https://upload.wikimedia.org/wikipedia/commons/e/e1/Kansas_City_Chiefs_logo.svg?utm_source=en.wikipedia.org&utm_campaign=imageinfo&utm_content=original,Commons: Public domain,Kansas City Chiefs
kansas-city-royals,crest,File:Kansas City Royals Primary Logo.svg,https://upload.wikimedia.org/wikipedia/commons/7/78/Kansas_City_Royals_Primary_Logo.svg?utm_source=en.wikipedia.org&utm_campaign=imageinfo&utm_content=original,Commons: Public domain,Kansas City Royals
la-clippers,crest,File:LAClippers5.png,https://upload.wikimedia.org/wikipedia/commons/c/c3/LAClippers5.png?utm_source=en.wikipedia.org&utm_campaign=imageinfo&utm_content=original,Commons: Non-free (fair use),Los Angeles Clippers
la-clippers,kit-home,File:Kit body laclippers association 2425.png,https://upload.wikimedia.org/wikipedia/commons/d/dc/Kit_body_laclippers_association_2425.png?utm_source=en.wikipedia.org&utm_campaign=imageinfo&utm_content=original,Commons: CC BY-SA,Los Angeles Clippers
la-galaxy,crest,File:Los Angeles Galaxy logo.svg,https://upload.wikimedia.org/wikipedia/commons/7/70/Los_Angeles_Galaxy_logo.svg?utm_source=en.wikipedia.org&utm_campaign=imageinfo&utm_content=original,Commons: Public domain,LA Galaxy
la-galaxy,kit-away,File:Kit body lagalaxy25a.png,https://upload.wikimedia.org/wikipedia/commons/a/a9/Kit_body_lagalaxy25a.png?utm_source=en.wikipedia.org&utm_campaign=imageinfo&utm_content=original,Commons: CC0,LA Galaxy
la-galaxy,kit-third,File:Kit body lagalaxy24t.png,https://upload.wikimedia.org/wikipedia/commons/a/af/Kit_body_lagalaxy24t.png?utm_source=en.wikipedia.org&utm_campaign=imageinfo&utm_content=original,Commons: CC0,LA Galaxy
la-rams,crest,File:LA Rams logo.svg,https://upload.wikimedia.org/wikipedia/en/1/14/LA_Rams_logo.svg?utm_source=en.wikipedia.org&utm_campaign=imageinfo&utm_content=original,Non-free (fair use),Los Angeles Rams
las-vegas-raiders,crest,File:Las Vegas Raiders logo.svg,https://upload.wikimedia.org/wikipedia/en/4/48/Las_Vegas_Raiders_logo.svg?utm_source=en.wikipedia.org&utm_campaign=imageinfo&utm_content=original,Non-free (fair use),Las Vegas Raiders
lask,crest,File:LASK-Logo 2023.svg,https://upload.wikimedia.org/wikipedia/commons/a/a2/LASK-Logo_2023.svg?utm_source=en.wikipedia.org&utm_campaign=imageinfo&utm_content=original,Commons: Public domain,LASK
lask,kit-away,File:Kit body lask2627a.png,https://upload.wikimedia.org/wikipedia/commons/7/73/Kit_body_lask2627a.png?utm_source=en.wikipedia.org&utm_campaign=imageinfo&utm_content=original,Commons: CC0,LASK
lask,kit-home,File:Kit body lask2627h.png,https://upload.wikimedia.org/wikipedia/commons/9/93/Kit_body_lask2627h.png?utm_source=en.wikipedia.org&utm_campaign=imageinfo&utm_content=original,Commons: CC0,LASK
lask,kit-third,File:Kit body lask2627t.png,https://upload.wikimedia.org/wikipedia/commons/5/5f/Kit_body_lask2627t.png?utm_source=en.wikipedia.org&utm_campaign=imageinfo&utm_content=original,Commons: CC0,LASK
lazio,crest,File:S.S. Lazio badge.svg,https://upload.wikimedia.org/wikipedia/en/c/ce/S.S._Lazio_badge.svg?utm_source=en.wikipedia.org&utm_campaign=imageinfo&utm_content=original,Non-free (fair use),SS Lazio
lazio,kit-away,File:Kit body lazio2627a.png,https://upload.wikimedia.org/wikipedia/commons/6/6d/Kit_body_lazio2627a.png?utm_source=en.wikipedia.org&utm_campaign=imageinfo&utm_content=original,Commons: CC0,SS Lazio
lazio,kit-home,File:Kit body lazio2627h.png,https://upload.wikimedia.org/wikipedia/commons/a/a1/Kit_body_lazio2627h.png?utm_source=en.wikipedia.org&utm_campaign=imageinfo&utm_content=original,Commons: CC0,SS Lazio
lazio,kit-third,File:Kit body lazio2627t.png,https://upload.wikimedia.org/wikipedia/commons/d/d2/Kit_body_lazio2627t.png?utm_source=en.wikipedia.org&utm_campaign=imageinfo&utm_content=original,Commons: CC0,SS Lazio
le-havre-ac,crest,File:Le Havre AC logo.svg,https://upload.wikimedia.org/wikipedia/en/f/fc/Le_Havre_AC_logo.svg?utm_source=en.wikipedia.org&utm_campaign=imageinfo&utm_content=original,Non-free (fair use),Le Havre AC
le-havre-ac,kit-home,File:Kit body lehavre2627h.png,https://upload.wikimedia.org/wikipedia/commons/2/28/Kit_body_lehavre2627h.png?utm_source=en.wikipedia.org&utm_campaign=imageinfo&utm_content=original,Commons: CC0,Le Havre AC
le-mans-fc,crest,File:Le Mans FC logo.svg,https://upload.wikimedia.org/wikipedia/en/5/57/Le_Mans_FC_logo.svg?utm_source=en.wikipedia.org&utm_campaign=imageinfo&utm_content=original,Non-free (fair use),Le Mans FC
le-mans-fc,kit-away,File:Kit body lemans2627a.png,https://upload.wikimedia.org/wikipedia/commons/b/ba/Kit_body_lemans2627a.png?utm_source=en.wikipedia.org&utm_campaign=imageinfo&utm_content=original,Commons: CC0,Le Mans FC
le-mans-fc,kit-home,File:Kit body lemans2627h.png,https://upload.wikimedia.org/wikipedia/commons/3/36/Kit_body_lemans2627h.png?utm_source=en.wikipedia.org&utm_campaign=imageinfo&utm_content=original,Commons: CC0,Le Mans FC
le-mans-fc,kit-third,File:Kit body lemans2627t.png,https://upload.wikimedia.org/wikipedia/commons/4/41/Kit_body_lemans2627t.png?utm_source=en.wikipedia.org&utm_campaign=imageinfo&utm_content=original,Commons: CC0,Le Mans FC
lecce,crest,File:US Lecce crest.svg,https://upload.wikimedia.org/wikipedia/en/2/23/US_Lecce_crest.svg?utm_source=en.wikipedia.org&utm_campaign=imageinfo&utm_content=original,Non-free (fair use),US Lecce
lecce,kit-away,File:Kit body lecce2627a.png,https://upload.wikimedia.org/wikipedia/commons/7/7f/Kit_body_lecce2627a.png?utm_source=en.wikipedia.org&utm_campaign=imageinfo&utm_content=original,Commons: CC0,US Lecce
lecce,kit-home,File:Kit body lecce2627h.png,https://upload.wikimedia.org/wikipedia/commons/6/62/Kit_body_lecce2627h.png?utm_source=en.wikipedia.org&utm_campaign=imageinfo&utm_content=original,Commons: CC0,US Lecce
lecce,kit-third,File:Kit body lecce2627t.png,https://upload.wikimedia.org/wikipedia/commons/f/fd/Kit_body_lecce2627t.png?utm_source=en.wikipedia.org&utm_campaign=imageinfo&utm_content=original,Commons: CC0,US Lecce
leeds-united,crest,File:Leeds United F.C. logo.svg,https://upload.wikimedia.org/wikipedia/en/5/54/Leeds_United_F.C._logo.svg?utm_source=en.wikipedia.org&utm_campaign=imageinfo&utm_content=original,Non-free (fair use),Leeds United F.C.
leeds-united,kit-away,File:Kit body leeds2627a.png,https://upload.wikimedia.org/wikipedia/commons/a/a1/Kit_body_leeds2627a.png?utm_source=en.wikipedia.org&utm_campaign=imageinfo&utm_content=original,Commons: CC0,Leeds United F.C.
leeds-united,kit-home,File:Kit body leeds2627h.png,https://upload.wikimedia.org/wikipedia/commons/4/48/Kit_body_leeds2627h.png?utm_source=en.wikipedia.org&utm_campaign=imageinfo&utm_content=original,Commons: CC0,Leeds United F.C.
leeds-united,kit-third,File:Kit body leeds2627t.png,https://upload.wikimedia.org/wikipedia/commons/0/06/Kit_body_leeds2627t.png?utm_source=en.wikipedia.org&utm_campaign=imageinfo&utm_content=original,Commons: CC0,Leeds United F.C.
lens,crest,File:RC Lens logo.svg,https://upload.wikimedia.org/wikipedia/en/c/cc/RC_Lens_logo.svg?utm_source=en.wikipedia.org&utm_campaign=imageinfo&utm_content=original,Non-free (fair use),RC Lens
lens,kit-away,File:Kit body lens2627a.png,https://upload.wikimedia.org/wikipedia/commons/b/b2/Kit_body_lens2627a.png?utm_source=en.wikipedia.org&utm_campaign=imageinfo&utm_content=original,Commons: CC0,RC Lens
lens,kit-home,File:Kit body lens2627h.png,https://upload.wikimedia.org/wikipedia/commons/1/1d/Kit_body_lens2627h.png?utm_source=en.wikipedia.org&utm_campaign=imageinfo&utm_content=original,Commons: CC0,RC Lens
lens,kit-third,File:Kit body lens2627t.png,https://upload.wikimedia.org/wikipedia/commons/5/52/Kit_body_lens2627t.png?utm_source=en.wikipedia.org&utm_campaign=imageinfo&utm_content=original,Commons: CC0,RC Lens
levante,crest,"File:Levante Unión Deportiva, S.A.D. logo.svg",https://upload.wikimedia.org/wikipedia/en/7/7b/Levante_Uni%C3%B3n_Deportiva%2C_S.A.D._logo.svg?utm_source=en.wikipedia.org&utm_campaign=imageinfo&utm_content=original,Non-free (fair use),Levante UD
levante,kit-away,File:Kit body levante2627a.png,https://upload.wikimedia.org/wikipedia/commons/4/4e/Kit_body_levante2627a.png?utm_source=en.wikipedia.org&utm_campaign=imageinfo&utm_content=original,Commons: CC0,Levante UD
levante,kit-home,File:Kit body levante2627h.png,https://upload.wikimedia.org/wikipedia/commons/5/59/Kit_body_levante2627h.png?utm_source=en.wikipedia.org&utm_campaign=imageinfo&utm_content=original,Commons: CC0,Levante UD
lidl-trek,crest,File:Lidl–Trek logo.png,https://upload.wikimedia.org/wikipedia/commons/8/84/Lidl%E2%80%93Trek_logo.png?utm_source=en.wikipedia.org&utm_campaign=imageinfo&utm_content=original,Commons: Public domain,Lidl–Trek (men's team)
lille,crest,File:LilleOSC0212.svg,https://upload.wikimedia.org/wikipedia/en/4/4b/LilleOSC0212.svg?utm_source=en.wikipedia.org&utm_campaign=imageinfo&utm_content=original,Non-free (fair use),Lille OSC
lille,kit-away,File:Kit body lille2627a.png,https://upload.wikimedia.org/wikipedia/commons/e/ee/Kit_body_lille2627a.png?utm_source=en.wikipedia.org&utm_campaign=imageinfo&utm_content=original,Commons: CC0,Lille OSC
lille,kit-home,File:Kit body lille2627h.png,https://upload.wikimedia.org/wikipedia/commons/4/45/Kit_body_lille2627h.png?utm_source=en.wikipedia.org&utm_campaign=imageinfo&utm_content=original,Commons: CC0,Lille OSC
lille-osc,crest,File:Lille OSC 2018 logo.svg,https://upload.wikimedia.org/wikipedia/en/3/3f/Lille_OSC_2018_logo.svg?utm_source=en.wikipedia.org&utm_campaign=imageinfo&utm_content=original,Non-free (fair use),Lille OSC
lille-osc,kit-away,File:Kit body lille2627a.png,https://upload.wikimedia.org/wikipedia/commons/e/ee/Kit_body_lille2627a.png?utm_source=en.wikipedia.org&utm_campaign=imageinfo&utm_content=original,Commons: CC0,Lille OSC
lille-osc,kit-home,File:Kit body lille2627h.png,https://upload.wikimedia.org/wikipedia/commons/4/45/Kit_body_lille2627h.png?utm_source=en.wikipedia.org&utm_campaign=imageinfo&utm_content=original,Commons: CC0,Lille OSC
liverpool,crest,File:Liverpool FC.svg,https://upload.wikimedia.org/wikipedia/en/0/0c/Liverpool_FC.svg?utm_source=en.wikipedia.org&utm_campaign=imageinfo&utm_content=original,Non-free (fair use),Liverpool F.C.
liverpool,kit-away,File:Kit body liverpool2627a.png,https://upload.wikimedia.org/wikipedia/commons/7/7d/Kit_body_liverpool2627a.png?utm_source=en.wikipedia.org&utm_campaign=imageinfo&utm_content=original,Commons: CC0,Liverpool F.C.
liverpool,kit-home,File:Kit body liverpool2627h.png,https://upload.wikimedia.org/wikipedia/commons/9/9a/Kit_body_liverpool2627h.png?utm_source=en.wikipedia.org&utm_campaign=imageinfo&utm_content=original,Commons: CC0,Liverpool F.C.
liverpool,kit-third,File:Kit body liverpool2627t.png,https://upload.wikimedia.org/wikipedia/commons/2/25/Kit_body_liverpool2627t.png?utm_source=en.wikipedia.org&utm_campaign=imageinfo&utm_content=original,Commons: CC0,Liverpool F.C.
los-angeles-angels,crest,File:Los Angeles Angels of Anaheim.svg,https://upload.wikimedia.org/wikipedia/commons/8/8b/Los_Angeles_Angels_of_Anaheim.svg?utm_source=en.wikipedia.org&utm_campaign=imageinfo&utm_content=original,Commons: Public domain,Los Angeles Angels
los-angeles-chargers,crest,File:Los Angeles Chargers logo.svg,https://upload.wikimedia.org/wikipedia/commons/a/a6/Los_Angeles_Chargers_logo.svg?utm_source=en.wikipedia.org&utm_campaign=imageinfo&utm_content=original,Commons: Public domain,Los Angeles Chargers
los-angeles-dodgers,crest,File:Los Angeles Dodgers Logo.svg,https://upload.wikimedia.org/wikipedia/commons/0/0e/Los_Angeles_Dodgers_Logo.svg?utm_source=en.wikipedia.org&utm_campaign=imageinfo&utm_content=original,Commons: Public domain,Los Angeles Dodgers
los-angeles-fc,crest,File:Los Angeles Football Club.svg,https://upload.wikimedia.org/wikipedia/commons/8/86/Los_Angeles_Football_Club.svg?utm_source=en.wikipedia.org&utm_campaign=imageinfo&utm_content=original,Commons: Public domain,Los Angeles FC
los-angeles-fc,kit-away,File:Kit body lafc25a.png,https://upload.wikimedia.org/wikipedia/commons/f/ff/Kit_body_lafc25a.png?utm_source=en.wikipedia.org&utm_campaign=imageinfo&utm_content=original,Commons: CC0,Los Angeles FC
los-angeles-fc,kit-third,File:Kit body lafc24T.png,https://upload.wikimedia.org/wikipedia/commons/8/8a/Kit_body_lafc24T.png?utm_source=en.wikipedia.org&utm_campaign=imageinfo&utm_content=original,Commons: CC0,Los Angeles FC
los-angeles-lakers,crest,File:Los Angeles Lakers logo.svg,https://upload.wikimedia.org/wikipedia/commons/3/3c/Los_Angeles_Lakers_logo.svg?utm_source=en.wikipedia.org&utm_campaign=imageinfo&utm_content=original,Commons: Public domain,Los Angeles Lakers
los-angeles-lakers,kit-home,File:Kit body '18 Los Angeles Lakers association.png,https://upload.wikimedia.org/wikipedia/commons/1/1f/Kit_body_%2718_Los_Angeles_Lakers_association.png?utm_source=en.wikipedia.org&utm_campaign=imageinfo&utm_content=original,Commons: CC BY-SA,Los Angeles Lakers
los-angeles-lakers,kit-third,File:Kit body '25 Los Angeles Lakers statement.png,https://upload.wikimedia.org/wikipedia/commons/b/b3/Kit_body_%2725_Los_Angeles_Lakers_statement.png?utm_source=en.wikipedia.org&utm_campaign=imageinfo&utm_content=original,Commons: CC BY-SA,Los Angeles Lakers
lotto-intermarche,crest,File:Lotto–Intermarché logo.png,https://upload.wikimedia.org/wikipedia/en/8/8f/Lotto%E2%80%93Intermarch%C3%A9_logo.png?utm_source=en.wikipedia.org&utm_campaign=imageinfo&utm_content=original,Non-free (fair use),Lotto–Intermarché
mainz-05,crest,File:1. FSV Mainz 05 logo.svg,https://upload.wikimedia.org/wikipedia/commons/1/1b/1._FSV_Mainz_05_logo.svg?utm_source=en.wikipedia.org&utm_campaign=imageinfo&utm_content=original,Commons: Public domain,1. FSV Mainz 05
mainz-05,kit-away,File:Kit body mainz2627a.png,https://upload.wikimedia.org/wikipedia/commons/2/2f/Kit_body_mainz2627a.png?utm_source=en.wikipedia.org&utm_campaign=imageinfo&utm_content=original,Commons: CC0,1. FSV Mainz 05
mainz-05,kit-home,File:Kit body mainz2627h.png,https://upload.wikimedia.org/wikipedia/commons/9/90/Kit_body_mainz2627h.png?utm_source=en.wikipedia.org&utm_campaign=imageinfo&utm_content=original,Commons: CC0,1. FSV Mainz 05
mainz-05,kit-third,File:Kit body mainz2627t.png,https://upload.wikimedia.org/wikipedia/commons/c/c3/Kit_body_mainz2627t.png?utm_source=en.wikipedia.org&utm_campaign=imageinfo&utm_content=original,Commons: CC0,1. FSV Mainz 05
malaga,crest,File:Kit shorts malaga2627a.png,https://upload.wikimedia.org/wikipedia/commons/e/e1/Kit_shorts_malaga2627a.png?utm_source=en.wikipedia.org&utm_campaign=imageinfo&utm_content=original,Commons: CC0,Málaga CF
malaga,kit-away,File:Kit body malaga2627a.png,https://upload.wikimedia.org/wikipedia/commons/4/4c/Kit_body_malaga2627a.png?utm_source=en.wikipedia.org&utm_campaign=imageinfo&utm_content=original,Commons: CC0,Málaga CF
malaga,kit-home,File:Kit body malaga2627h.png,https://upload.wikimedia.org/wikipedia/commons/5/57/Kit_body_malaga2627h.png?utm_source=en.wikipedia.org&utm_campaign=imageinfo&utm_content=original,Commons: CC0,Málaga CF
malaga,kit-third,File:Kit body malaga2627t.png,https://upload.wikimedia.org/wikipedia/commons/c/c9/Kit_body_malaga2627t.png?utm_source=en.wikipedia.org&utm_campaign=imageinfo&utm_content=original,Commons: CC0,Málaga CF
manchester-city,crest,File:Manchester City FC badge.svg,https://upload.wikimedia.org/wikipedia/en/e/eb/Manchester_City_FC_badge.svg?utm_source=en.wikipedia.org&utm_campaign=imageinfo&utm_content=original,Non-free (fair use),Manchester City F.C.
manchester-city,kit-away,File:Kit body mancity2627a.png,https://upload.wikimedia.org/wikipedia/commons/c/cd/Kit_body_mancity2627a.png?utm_source=en.wikipedia.org&utm_campaign=imageinfo&utm_content=original,Commons: CC0,Manchester City F.C.
manchester-city,kit-home,File:Kit body mancity2627h.png,https://upload.wikimedia.org/wikipedia/commons/9/91/Kit_body_mancity2627h.png?utm_source=en.wikipedia.org&utm_campaign=imageinfo&utm_content=original,Commons: CC0,Manchester City F.C.
manchester-city,kit-third,File:Kit body mancity2627t.png,https://upload.wikimedia.org/wikipedia/commons/2/23/Kit_body_mancity2627t.png?utm_source=en.wikipedia.org&utm_campaign=imageinfo&utm_content=original,Commons: CC0,Manchester City F.C.
manchester-united,crest,File:Manchester United FC crest.svg,https://upload.wikimedia.org/wikipedia/en/7/7a/Manchester_United_FC_crest.svg?utm_source=en.wikipedia.org&utm_campaign=imageinfo&utm_content=original,Non-free (fair use),Manchester United F.C.
manchester-united,kit-away,File:Kit body manutd2627a.png,https://upload.wikimedia.org/wikipedia/commons/d/d2/Kit_body_manutd2627a.png?utm_source=en.wikipedia.org&utm_campaign=imageinfo&utm_content=original,Commons: CC0,Manchester United F.C.
manchester-united,kit-home,File:Kit body manutd2627h.png,https://upload.wikimedia.org/wikipedia/commons/f/fe/Kit_body_manutd2627hA.png?utm_source=en.wikipedia.org&utm_campaign=imageinfo&utm_content=original,Commons: CC0,Manchester United F.C.
manchester-united,kit-third,File:Kit body manutd2627t.png,https://upload.wikimedia.org/wikipedia/commons/7/74/Kit_body_manutd2627t.png?utm_source=en.wikipedia.org&utm_campaign=imageinfo&utm_content=original,Commons: CC0,Manchester United F.C.
mclaren,crest,File:Mastercard 2019 logo.svg,https://upload.wikimedia.org/wikipedia/commons/a/a4/Mastercard_2019_logo.svg?utm_source=en.wikipedia.org&utm_campaign=imageinfo&utm_content=original,Commons: GFDL,Mastercard
memphis-grizzlies,crest,File:Memphis Grizzlies.svg,https://upload.wikimedia.org/wikipedia/en/f/f1/Memphis_Grizzlies.svg?utm_source=en.wikipedia.org&utm_campaign=imageinfo&utm_content=original,Non-free (fair use),Memphis Grizzlies
memphis-grizzlies,kit-home,File:Kit body memphisgrizzlies association.png,https://upload.wikimedia.org/wikipedia/commons/3/3c/Kit_body_memphisgrizzlies_association.png?utm_source=en.wikipedia.org&utm_campaign=imageinfo&utm_content=original,Commons: CC BY-SA,Memphis Grizzlies
mercedes,crest,File:AMG logo.svg,https://upload.wikimedia.org/wikipedia/commons/c/c9/AMG_logo.svg?utm_source=en.wikipedia.org&utm_campaign=imageinfo&utm_content=original,Commons: Public domain,Mercedes-AMG
mexico,crest,File:Mexico national football team crest.svg,https://upload.wikimedia.org/wikipedia/en/3/3f/Mexico_national_football_team_crest.svg?utm_source=en.wikipedia.org&utm_campaign=imageinfo&utm_content=original,Non-free (fair use),Mexico
miami-dolphins,crest,File:Miami Dolphins logo.svg,https://upload.wikimedia.org/wikipedia/en/3/37/Miami_Dolphins_logo.svg?utm_source=en.wikipedia.org&utm_campaign=imageinfo&utm_content=original,Non-free (fair use),Miami Dolphins
miami-heat,crest,File:Miami Heat logo.svg,https://upload.wikimedia.org/wikipedia/en/f/fb/Miami_Heat_logo.svg?utm_source=en.wikipedia.org&utm_campaign=imageinfo&utm_content=original,Non-free (fair use),Miami Heat
miami-heat,kit-home,File:Kit body miamiheat association.png,https://upload.wikimedia.org/wikipedia/commons/f/fe/Kit_body_miamiheat_association.png?utm_source=en.wikipedia.org&utm_campaign=imageinfo&utm_content=original,Commons: CC BY-SA,Miami Heat
miami-heat,kit-third,File:Kit body miamiheat statement.png,https://upload.wikimedia.org/wikipedia/commons/b/b6/Kit_body_miamiheat_statement.png?utm_source=en.wikipedia.org&utm_campaign=imageinfo&utm_content=original,Commons: CC BY-SA,Miami Heat
miami-marlins,crest,File:Marlins team logo.svg,https://upload.wikimedia.org/wikipedia/en/f/fd/Marlins_team_logo.svg?utm_source=en.wikipedia.org&utm_campaign=imageinfo&utm_content=original,Non-free (fair use),Miami Marlins
milwaukee-brewers,crest,File:Milwaukee Brewers logo.svg,https://upload.wikimedia.org/wikipedia/en/b/b8/Milwaukee_Brewers_logo.svg?utm_source=en.wikipedia.org&utm_campaign=imageinfo&utm_content=original,Non-free (fair use),Milwaukee Brewers
milwaukee-bucks,crest,File:Milwaukee Bucks logo.svg,https://upload.wikimedia.org/wikipedia/en/4/4a/Milwaukee_Bucks_logo.svg?utm_source=en.wikipedia.org&utm_campaign=imageinfo&utm_content=original,Non-free (fair use),Milwaukee Bucks
milwaukee-bucks,kit-home,File:Kit body milwaukeebucks90s road.png,https://upload.wikimedia.org/wikipedia/commons/f/f8/Kit_body_milwaukeebucks90s_road.png?utm_source=en.wikipedia.org&utm_campaign=imageinfo&utm_content=original,Commons: CC BY-SA,Milwaukee Bucks
minnesota-timberwolves,crest,File:Minnesota Timberwolves logo.svg,https://upload.wikimedia.org/wikipedia/en/c/c2/Minnesota_Timberwolves_logo.svg?utm_source=en.wikipedia.org&utm_campaign=imageinfo&utm_content=original,Non-free (fair use),Minnesota Timberwolves
minnesota-timberwolves,kit-home,File:Kit body '26 Minnesota Timberwolves association.png,https://upload.wikimedia.org/wikipedia/commons/0/01/Kit_body_%2726_Minnesota_Timberwolves_association.png?utm_source=en.wikipedia.org&utm_campaign=imageinfo&utm_content=original,Commons: CC0,Minnesota Timberwolves
minnesota-timberwolves,kit-third,File:Kit body '26 Minnesota Timberwolves statement.png,https://upload.wikimedia.org/wikipedia/commons/5/51/Kit_body_%2726_Minnesota_Timberwolves_statement.png?utm_source=en.wikipedia.org&utm_campaign=imageinfo&utm_content=original,Commons: CC0,Minnesota Timberwolves
minnesota-twins,crest,File:Minnesota Twins New Logo.svg,https://upload.wikimedia.org/wikipedia/commons/1/17/Minnesota_Twins_New_Logo.svg?utm_source=en.wikipedia.org&utm_campaign=imageinfo&utm_content=original,Commons: Public domain,Minnesota Twins
minnesota-united,crest,File:Minnesota United FC (MLS) Primary logo.svg,https://upload.wikimedia.org/wikipedia/en/e/e8/Minnesota_United_FC_%28MLS%29_Primary_logo.svg?utm_source=en.wikipedia.org&utm_campaign=imageinfo&utm_content=original,Non-free (fair use),Minnesota United FC
minnesota-united,kit-away,File:Kit body minnesota25a.png,https://upload.wikimedia.org/wikipedia/commons/b/b6/Kit_body_minnesota25a.png?utm_source=en.wikipedia.org&utm_campaign=imageinfo&utm_content=original,Commons: CC0,Minnesota United FC
minnesota-united,kit-third,File:Kit body minnesota25t.png,https://upload.wikimedia.org/wikipedia/commons/9/9f/Kit_body_minnesota25t.png?utm_source=en.wikipedia.org&utm_campaign=imageinfo&utm_content=original,Commons: CC0,Minnesota United FC
minnesota-vikings,crest,File:Minnesota Vikings logo.svg,https://upload.wikimedia.org/wikipedia/en/4/48/Minnesota_Vikings_logo.svg?utm_source=en.wikipedia.org&utm_campaign=imageinfo&utm_content=original,Non-free (fair use),Minnesota Vikings
monza,crest,File:AC Monza logo (2021).svg,https://upload.wikimedia.org/wikipedia/en/a/a7/AC_Monza_logo_%282021%29.svg?utm_source=en.wikipedia.org&utm_campaign=imageinfo&utm_content=original,Non-free (fair use),AC Monza
monza,kit-away,File:Kit body monza2627a.png,https://upload.wikimedia.org/wikipedia/commons/a/a7/Kit_body_monza2627a.png?utm_source=en.wikipedia.org&utm_campaign=imageinfo&utm_content=original,Commons: CC0,AC Monza
monza,kit-home,File:Kit body monza2627h.png,https://upload.wikimedia.org/wikipedia/commons/2/20/Kit_body_monza2627h.png?utm_source=en.wikipedia.org&utm_campaign=imageinfo&utm_content=original,Commons: CC0,AC Monza
monza,kit-third,File:Kit body monza2627t.png,https://upload.wikimedia.org/wikipedia/commons/c/c5/Kit_body_monza2627t.png?utm_source=en.wikipedia.org&utm_campaign=imageinfo&utm_content=original,Commons: CC0,AC Monza
morocco,crest,File:Moroccan Air Force emblem.svg,https://upload.wikimedia.org/wikipedia/en/4/49/Moroccan_Air_Force_emblem.svg?utm_source=en.wikipedia.org&utm_campaign=imageinfo&utm_content=original,Non-free (fair use),Morocco
movistar,crest,File:Movistar Team logo.svg,https://upload.wikimedia.org/wikipedia/commons/a/a6/Movistar_Team_logo.svg?utm_source=en.wikipedia.org&utm_campaign=imageinfo&utm_content=original,Commons: Public domain,Movistar Team
napoli,crest,File:SSC Napoli 2025 (white and azure).svg,https://upload.wikimedia.org/wikipedia/commons/4/4d/SSC_Napoli_2025_%28white_and_azure%29.svg?utm_source=en.wikipedia.org&utm_campaign=imageinfo&utm_content=original,Commons: Public domain,SSC Napoli
napoli,kit-away,File:Kit body Napoli2627a.png,https://upload.wikimedia.org/wikipedia/commons/9/91/Kit_body_Napoli2627a.png?utm_source=en.wikipedia.org&utm_campaign=imageinfo&utm_content=original,Commons: CC BY-SA,SSC Napoli
napoli,kit-home,File:Kit body Napoli2627h.png,https://upload.wikimedia.org/wikipedia/commons/0/01/Kit_body_Napoli2627h.png?utm_source=en.wikipedia.org&utm_campaign=imageinfo&utm_content=original,Commons: CC BY-SA,SSC Napoli
napoli,kit-third,File:Kit body Napoli2627t.png,https://upload.wikimedia.org/wikipedia/commons/7/73/Kit_body_Napoli2627t.png?utm_source=en.wikipedia.org&utm_campaign=imageinfo&utm_content=original,Commons: CC BY-SA,SSC Napoli
nashville-sc,crest,"File:Nashville SC logo, 2020.svg",https://upload.wikimedia.org/wikipedia/commons/b/bc/Nashville_SC_logo%2C_2020.svg?utm_source=en.wikipedia.org&utm_campaign=imageinfo&utm_content=original,Commons: Public domain,Nashville SC
nashville-sc,kit-away,File:Kit body nashville25a.png,https://upload.wikimedia.org/wikipedia/commons/4/41/Kit_body_nashville25a.png?utm_source=en.wikipedia.org&utm_campaign=imageinfo&utm_content=original,Commons: CC0,Nashville SC
nashville-sc,kit-third,File:Kit body nashville25t.png,https://upload.wikimedia.org/wikipedia/commons/f/fe/Kit_body_nashville25t.png?utm_source=en.wikipedia.org&utm_campaign=imageinfo&utm_content=original,Commons: CC0,Nashville SC
neom,crest,File:Neom SC Logo.png,https://upload.wikimedia.org/wikipedia/en/4/4a/Neom_SC_Logo.png?utm_source=en.wikipedia.org&utm_campaign=imageinfo&utm_content=original,Non-free (fair use),Neom SC
netherlands,crest,File:Netherlands Coast Guard emblem.svg,https://upload.wikimedia.org/wikipedia/en/e/e9/Netherlands_Coast_Guard_emblem.svg?utm_source=en.wikipedia.org&utm_campaign=imageinfo&utm_content=original,Non-free (fair use),Netherlands
new-england-patriots,crest,File:New England Patriots logo.svg,https://upload.wikimedia.org/wikipedia/en/b/b9/New_England_Patriots_logo.svg?utm_source=en.wikipedia.org&utm_campaign=imageinfo&utm_content=original,Non-free (fair use),New England Patriots
new-england-revolution,crest,File:Logo of New England Revolution (2021).svg,https://upload.wikimedia.org/wikipedia/commons/8/8a/Logo_of_New_England_Revolution_%282021%29.svg?utm_source=en.wikipedia.org&utm_campaign=imageinfo&utm_content=original,Commons: Public domain,New England Revolution
new-england-revolution,kit-home,File:Kit body MUNDIAL WHITE.png,https://upload.wikimedia.org/wikipedia/commons/e/e6/Kit_body_MUNDIAL_WHITE.png?utm_source=en.wikipedia.org&utm_campaign=imageinfo&utm_content=original,Commons: CC BY-SA,New England Revolution
new-orleans-pelicans,crest,File:New Orleans Pelicans logo.svg,https://upload.wikimedia.org/wikipedia/en/0/0d/New_Orleans_Pelicans_logo.svg?utm_source=en.wikipedia.org&utm_campaign=imageinfo&utm_content=original,Non-free (fair use),New Orleans Pelicans
new-orleans-pelicans,kit-home,File:Kit body neworleanspelicans association.png,https://upload.wikimedia.org/wikipedia/commons/c/c6/Kit_body_neworleanspelicans_association.png?utm_source=en.wikipedia.org&utm_campaign=imageinfo&utm_content=original,Commons: CC BY-SA,New Orleans Pelicans
new-orleans-saints,crest,File:New Orleans Saints logo.svg,https://upload.wikimedia.org/wikipedia/commons/5/50/New_Orleans_Saints_logo.svg?utm_source=en.wikipedia.org&utm_campaign=imageinfo&utm_content=original,Commons: Public domain,New Orleans Saints
new-york-city-fc,crest,File:Logo New York City FC 2025.svg,https://upload.wikimedia.org/wikipedia/commons/e/eb/Logo_New_York_City_FC_2025.svg?utm_source=en.wikipedia.org&utm_campaign=imageinfo&utm_content=original,Commons: Public domain,New York City FC
new-york-city-fc,kit-away,File:Kit body nycfc26aA.png,https://upload.wikimedia.org/wikipedia/commons/5/5c/Kit_body_nycfc26aA.png?utm_source=en.wikipedia.org&utm_campaign=imageinfo&utm_content=original,Commons: CC0,New York City FC
new-york-city-fc,kit-home,File:Kit body nycfc25h.png,https://upload.wikimedia.org/wikipedia/commons/a/ae/Kit_body_nycfc25h.png?utm_source=en.wikipedia.org&utm_campaign=imageinfo&utm_content=original,Commons: CC0,New York City FC
new-york-giants,crest,File:New York Giants logo.svg,https://upload.wikimedia.org/wikipedia/commons/6/60/New_York_Giants_logo.svg?utm_source=en.wikipedia.org&utm_campaign=imageinfo&utm_content=original,Commons: Non-free (fair use),New York Giants
new-york-jets,crest,File:New York Jets 2024.svg,https://upload.wikimedia.org/wikipedia/commons/6/69/New_York_Jets_2024.svg?utm_source=en.wikipedia.org&utm_campaign=imageinfo&utm_content=original,Commons: Public domain,New York Jets
new-york-knicks,crest,File:New York Knicks logo.svg,https://upload.wikimedia.org/wikipedia/en/2/25/New_York_Knicks_logo.svg?utm_source=en.wikipedia.org&utm_campaign=imageinfo&utm_content=original,Non-free (fair use),New York Knicks
new-york-knicks,kit-home,File:Kit body '17 New York Knicks association.png,https://upload.wikimedia.org/wikipedia/commons/5/55/Kit_body_%2717_New_York_Knicks_association.png?utm_source=en.wikipedia.org&utm_campaign=imageinfo&utm_content=original,Commons: CC BY-SA,New York Knicks
new-york-knicks,kit-third,File:Kit body '25 New York Knicks statement.png,https://upload.wikimedia.org/wikipedia/commons/5/5e/Kit_body_%2725_New_York_Knicks_statement.png?utm_source=en.wikipedia.org&utm_campaign=imageinfo&utm_content=original,Commons: CC BY-SA,New York Knicks
new-york-mets,crest,File:New York Mets.svg,https://upload.wikimedia.org/wikipedia/en/7/7b/New_York_Mets.svg?utm_source=en.wikipedia.org&utm_campaign=imageinfo&utm_content=original,Non-free (fair use),New York Mets
new-york-red-bulls,crest,File:New York Red Bulls logo.svg,https://upload.wikimedia.org/wikipedia/en/5/51/New_York_Red_Bulls_logo.svg?utm_source=en.wikipedia.org&utm_campaign=imageinfo&utm_content=original,Non-free (fair use),New York Red Bulls
new-york-red-bulls,kit-away,File:Kit body nyrb26hA.png,https://upload.wikimedia.org/wikipedia/commons/c/c2/Kit_body_nyrb26hA.png?utm_source=en.wikipedia.org&utm_campaign=imageinfo&utm_content=original,Commons: CC0,New York Red Bulls
new-york-red-bulls,kit-home,File:Kit body nyrb25a2.png,https://upload.wikimedia.org/wikipedia/commons/d/d1/Kit_body_nyrb25a2.png?utm_source=en.wikipedia.org&utm_campaign=imageinfo&utm_content=original,Commons: CC0,New York Red Bulls
new-york-red-bulls,kit-third,File:Kit body nyrb23t.png,https://upload.wikimedia.org/wikipedia/commons/3/3e/Kit_body_nyrb23t.png?utm_source=en.wikipedia.org&utm_campaign=imageinfo&utm_content=original,Commons: CC BY-SA,New York Red Bulls
new-york-yankees,crest,File:New York Yankees Primary Logo.svg,https://upload.wikimedia.org/wikipedia/commons/f/fe/New_York_Yankees_Primary_Logo.svg?utm_source=en.wikipedia.org&utm_campaign=imageinfo&utm_content=original,Commons: Public domain,New York Yankees
new-zealand,crest,File:New Zealand Army Logo.png,https://upload.wikimedia.org/wikipedia/commons/a/a3/New_Zealand_Army_Logo.png?utm_source=en.wikipedia.org&utm_campaign=imageinfo&utm_content=original,Commons: CC BY-SA,New Zealand
newcastle-united,crest,File:Newcastle United Logo.svg,https://upload.wikimedia.org/wikipedia/en/5/56/Newcastle_United_Logo.svg?utm_source=en.wikipedia.org&utm_campaign=imageinfo&utm_content=original,Non-free (fair use),Newcastle United F.C.
newcastle-united,kit-away,File:Kit body newcastle2627a.png,https://upload.wikimedia.org/wikipedia/commons/0/02/Kit_body_newcastle2627a.png?utm_source=en.wikipedia.org&utm_campaign=imageinfo&utm_content=original,Commons: CC0,Newcastle United F.C.
newcastle-united,kit-home,File:Kit body newcastle2627h.png,https://upload.wikimedia.org/wikipedia/commons/1/1f/Kit_body_newcastle2627h.png?utm_source=en.wikipedia.org&utm_campaign=imageinfo&utm_content=original,Commons: CC0,Newcastle United F.C.
newcastle-united,kit-third,File:Kit body newcastle2627t.png,https://upload.wikimedia.org/wikipedia/commons/a/a3/Kit_body_newcastle2627t.png?utm_source=en.wikipedia.org&utm_campaign=imageinfo&utm_content=original,Commons: CC0,Newcastle United F.C.
norway,crest,File:Norway national football team logo.svg,https://upload.wikimedia.org/wikipedia/en/6/6c/Norway_national_football_team_logo.svg?utm_source=en.wikipedia.org&utm_campaign=imageinfo&utm_content=original,Non-free (fair use),Norway
nottingham-forest,crest,File:Nottingham Forest F.C. logo.svg,https://upload.wikimedia.org/wikipedia/en/e/e5/Nottingham_Forest_F.C._logo.svg?utm_source=en.wikipedia.org&utm_campaign=imageinfo&utm_content=original,Non-free (fair use),Nottingham Forest F.C.
nottingham-forest,kit-away,File:Kit body nottingham2627a.png,https://upload.wikimedia.org/wikipedia/commons/8/80/Kit_body_nottingham2627a.png?utm_source=en.wikipedia.org&utm_campaign=imageinfo&utm_content=original,Commons: CC0,Nottingham Forest F.C.
nottingham-forest,kit-home,File:Kit body nottingham2627h.png,https://upload.wikimedia.org/wikipedia/commons/0/05/Kit_body_nottingham2627h.png?utm_source=en.wikipedia.org&utm_campaign=imageinfo&utm_content=original,Commons: CC0,Nottingham Forest F.C.
nottingham-forest,kit-third,File:Kit body nottingham2627t.png,https://upload.wikimedia.org/wikipedia/commons/6/67/Kit_body_nottingham2627t.png?utm_source=en.wikipedia.org&utm_campaign=imageinfo&utm_content=original,Commons: CC0,Nottingham Forest F.C.
nsn-cycling-team,crest,File:NSN Cycling Team logo.png,https://upload.wikimedia.org/wikipedia/commons/9/93/NSN_Cycling_Team_logo.png?utm_source=en.wikipedia.org&utm_campaign=imageinfo&utm_content=original,Commons: Public domain,NSN Cycling Team
ogc-nice,crest,File:OGC Nice logo.svg,https://upload.wikimedia.org/wikipedia/en/2/2e/OGC_Nice_logo.svg?utm_source=en.wikipedia.org&utm_campaign=imageinfo&utm_content=original,Non-free (fair use),OGC Nice
ogc-nice,kit-away,File:Kit body nice2526A.png,https://upload.wikimedia.org/wikipedia/commons/1/1b/Kit_body_nice2526A.png?utm_source=en.wikipedia.org&utm_campaign=imageinfo&utm_content=original,Commons: CC0,OGC Nice
ogc-nice,kit-home,File:Kit body nice2627h.png,https://upload.wikimedia.org/wikipedia/commons/6/66/Kit_body_nice2627h.png?utm_source=en.wikipedia.org&utm_campaign=imageinfo&utm_content=original,Commons: CC0,OGC Nice
ogc-nice,kit-third,File:Kit body nice2526t.png,https://upload.wikimedia.org/wikipedia/commons/b/b0/Kit_body_nice2526t.png?utm_source=en.wikipedia.org&utm_campaign=imageinfo&utm_content=original,Commons: CC0,OGC Nice
oklahoma-city-thunder,crest,File:Oklahoma City Thunder.svg,https://upload.wikimedia.org/wikipedia/en/5/5d/Oklahoma_City_Thunder.svg?utm_source=en.wikipedia.org&utm_campaign=imageinfo&utm_content=original,Non-free (fair use),Oklahoma City Thunder
oklahoma-city-thunder,kit-home,File:Kit body okcthunder association.png,https://upload.wikimedia.org/wikipedia/commons/c/c3/Kit_body_okcthunder_association.png?utm_source=en.wikipedia.org&utm_campaign=imageinfo&utm_content=original,Commons: CC BY-SA,Oklahoma City Thunder
oklahoma-city-thunder,kit-third,File:Kit body okcthunder statement.png,https://upload.wikimedia.org/wikipedia/commons/3/32/Kit_body_okcthunder_statement.png?utm_source=en.wikipedia.org&utm_campaign=imageinfo&utm_content=original,Commons: CC BY-SA,Oklahoma City Thunder
olympique-de-marseille,crest,File:Olympique de Marseille 2026 logo.svg,https://upload.wikimedia.org/wikipedia/commons/4/4f/Olympique_de_Marseille_2026_logo.svg?utm_source=en.wikipedia.org&utm_campaign=imageinfo&utm_content=original,Commons: Public domain,Olympique de Marseille
olympique-de-marseille,kit-away,File:Kit body marseille2627a.png,https://upload.wikimedia.org/wikipedia/commons/5/59/Kit_body_marseille2627a.png?utm_source=en.wikipedia.org&utm_campaign=imageinfo&utm_content=original,Commons: CC0,Olympique de Marseille
olympique-de-marseille,kit-home,File:Kit body marseille2627h.png,https://upload.wikimedia.org/wikipedia/commons/d/d5/Kit_body_marseille2627h.png?utm_source=en.wikipedia.org&utm_campaign=imageinfo&utm_content=original,Commons: CC0,Olympique de Marseille
olympique-de-marseille,kit-third,File:Kit body marseille2627t.png,https://upload.wikimedia.org/wikipedia/commons/b/b7/Kit_body_marseille2627t.png?utm_source=en.wikipedia.org&utm_campaign=imageinfo&utm_content=original,Commons: CC0,Olympique de Marseille
olympique-lyonnais,crest,File:Olympique Lyonnais logo.svg,https://upload.wikimedia.org/wikipedia/en/1/1c/Olympique_Lyonnais_logo.svg?utm_source=en.wikipedia.org&utm_campaign=imageinfo&utm_content=original,Non-free (fair use),Olympique Lyonnais
olympique-lyonnais,kit-away,File:Kit body lyon2627a.png,https://upload.wikimedia.org/wikipedia/commons/0/00/Kit_body_lyon2627a.png?utm_source=en.wikipedia.org&utm_campaign=imageinfo&utm_content=original,Commons: CC0,Olympique Lyonnais
olympique-lyonnais,kit-home,File:Kit body lyon2627h.png,https://upload.wikimedia.org/wikipedia/commons/c/c5/Kit_body_lyon2627h.png?utm_source=en.wikipedia.org&utm_campaign=imageinfo&utm_content=original,Commons: CC0,Olympique Lyonnais
olympique-lyonnais,kit-third,File:Kit body lyon2627t.png,https://upload.wikimedia.org/wikipedia/commons/5/56/Kit_body_lyon2627t.png?utm_source=en.wikipedia.org&utm_campaign=imageinfo&utm_content=original,Commons: CC0,Olympique Lyonnais
orlando-city,crest,File:Orlando City 2014.svg,https://upload.wikimedia.org/wikipedia/en/6/6a/Orlando_City_2014.svg?utm_source=en.wikipedia.org&utm_campaign=imageinfo&utm_content=original,Non-free (fair use),Orlando City SC
orlando-city,kit-away,File:Kit body orlando26aA.png,https://upload.wikimedia.org/wikipedia/commons/6/63/Kit_body_orlando26aA.png?utm_source=en.wikipedia.org&utm_campaign=imageinfo&utm_content=original,Commons: CC0,Orlando City SC
orlando-city,kit-home,File:Kit body orlando25h.png,https://upload.wikimedia.org/wikipedia/commons/2/29/Kit_body_orlando25h.png?utm_source=en.wikipedia.org&utm_campaign=imageinfo&utm_content=original,Commons: CC0,Orlando City SC
orlando-city,kit-third,File:Kit body orlando26t.png,https://upload.wikimedia.org/wikipedia/commons/2/28/Kit_body_orlando26t.png?utm_source=en.wikipedia.org&utm_campaign=imageinfo&utm_content=original,Commons: CC0,Orlando City SC
orlando-magic,crest,File:Orlando Magic logo.svg,https://upload.wikimedia.org/wikipedia/en/1/10/Orlando_Magic_logo.svg?utm_source=en.wikipedia.org&utm_campaign=imageinfo&utm_content=original,Non-free (fair use),Orlando Magic
orlando-magic,kit-home,File:Kit body '25 Orlando Magic.png,https://upload.wikimedia.org/wikipedia/commons/3/36/Kit_body_%2725_Orlando_Magic.png?utm_source=en.wikipedia.org&utm_campaign=imageinfo&utm_content=original,Commons: CC BY-SA,Orlando Magic
orlando-magic,kit-third,File:Kit body '25 Orlando Magic statement.png,https://upload.wikimedia.org/wikipedia/commons/d/dd/Kit_body_%2725_Orlando_Magic_statement.png?utm_source=en.wikipedia.org&utm_campaign=imageinfo&utm_content=original,Commons: CC BY-SA,Orlando Magic
osasuna,crest,File:CA Osasuna 2024 crest.svg,https://upload.wikimedia.org/wikipedia/en/3/38/CA_Osasuna_2024_crest.svg?utm_source=en.wikipedia.org&utm_campaign=imageinfo&utm_content=original,Non-free (fair use),CA Osasuna
osasuna,kit-away,File:Kit body osasuna2627a.png,https://upload.wikimedia.org/wikipedia/commons/f/f8/Kit_body_osasuna2627a.png?utm_source=en.wikipedia.org&utm_campaign=imageinfo&utm_content=original,Commons: CC0,CA Osasuna
osasuna,kit-home,File:Kit body osasuna2627h.png,https://upload.wikimedia.org/wikipedia/commons/f/f3/Kit_body_osasuna2627h.png?utm_source=en.wikipedia.org&utm_campaign=imageinfo&utm_content=original,Commons: CC0,CA Osasuna
osasuna,kit-third,File:Kit body osasuna2627t.png,https://upload.wikimedia.org/wikipedia/commons/9/9d/Kit_body_osasuna2627t.png?utm_source=en.wikipedia.org&utm_campaign=imageinfo&utm_content=original,Commons: CC0,CA Osasuna
panama,crest,File:Panamanian Football Federation logo 2024.svg,https://upload.wikimedia.org/wikipedia/en/e/ee/Panamanian_Football_Federation_logo_2024.svg?utm_source=en.wikipedia.org&utm_campaign=imageinfo&utm_content=original,Non-free (fair use),Panama
paraguay,crest,File:Recoleta Football Club logo Paraguay official crest.png,https://upload.wikimedia.org/wikipedia/commons/f/f7/Recoleta_Football_Club_logo_Paraguay_official_crest.png?utm_source=en.wikipedia.org&utm_campaign=imageinfo&utm_content=original,Commons: CC0,Paraguay
paris-fc,crest,File:Paris FC logo.svg,https://upload.wikimedia.org/wikipedia/en/9/9f/Paris_FC_logo.svg?utm_source=en.wikipedia.org&utm_campaign=imageinfo&utm_content=original,Non-free (fair use),Paris FC
paris-fc,kit-away,File:Kit body parisfc2627a.png,https://upload.wikimedia.org/wikipedia/commons/a/ab/Kit_body_parisfc2627a.png?utm_source=en.wikipedia.org&utm_campaign=imageinfo&utm_content=original,Commons: CC0,Paris FC
paris-fc,kit-home,File:Kit body parisfc2627h.png,https://upload.wikimedia.org/wikipedia/commons/e/eb/Kit_body_parisfc2627h.png?utm_source=en.wikipedia.org&utm_campaign=imageinfo&utm_content=original,Commons: CC0,Paris FC
paris-fc,kit-third,File:Kit body vneck transparent.png,https://upload.wikimedia.org/wikipedia/commons/c/c4/Kit_body_vneck_transparent.png?utm_source=en.wikipedia.org&utm_campaign=imageinfo&utm_content=original,Commons: Public domain,Paris FC
paris-saint-germain,crest,File:Paris Saint-Germain F.C..svg,https://upload.wikimedia.org/wikipedia/en/a/a7/Paris_Saint-Germain_F.C..svg?utm_source=en.wikipedia.org&utm_campaign=imageinfo&utm_content=original,Public domain,Paris Saint-Germain FC
paris-saint-germain,kit-away,File:Kit body psg2627a.png,https://upload.wikimedia.org/wikipedia/commons/9/9f/Kit_body_psg2627a.png?utm_source=en.wikipedia.org&utm_campaign=imageinfo&utm_content=original,Commons: CC0,Paris Saint-Germain FC
paris-saint-germain,kit-home,File:Kit body psg2627h.png,https://upload.wikimedia.org/wikipedia/commons/f/f2/Kit_body_psg2627h.png?utm_source=en.wikipedia.org&utm_campaign=imageinfo&utm_content=original,Commons: CC0,Paris Saint-Germain FC
parma,crest,File:Logo Parma Calcio 1913 (adozione 2016).svg,https://upload.wikimedia.org/wikipedia/commons/9/97/Logo_Parma_Calcio_1913_%28adozione_2016%29.svg?utm_source=en.wikipedia.org&utm_campaign=imageinfo&utm_content=original,Commons: Public domain,Parma Calcio 1913
parma,kit-away,File:Kit body parma2627a.png,https://upload.wikimedia.org/wikipedia/commons/9/95/Kit_body_parma2627a.png?utm_source=en.wikipedia.org&utm_campaign=imageinfo&utm_content=original,Commons: CC0,Parma Calcio 1913
parma,kit-home,File:Kit body parma2627h.png,https://upload.wikimedia.org/wikipedia/commons/2/24/Kit_body_parma2627h.png?utm_source=en.wikipedia.org&utm_campaign=imageinfo&utm_content=original,Commons: CC0,Parma Calcio 1913
parma,kit-third,File:Kit body parma2627t.png,https://upload.wikimedia.org/wikipedia/commons/7/74/Kit_body_parma2627t.png?utm_source=en.wikipedia.org&utm_campaign=imageinfo&utm_content=original,Commons: CC0,Parma Calcio 1913
philadelphia-76ers,crest,File:Philadelphia 76ers logo.svg,https://upload.wikimedia.org/wikipedia/en/0/0e/Philadelphia_76ers_logo.svg?utm_source=en.wikipedia.org&utm_campaign=imageinfo&utm_content=original,Non-free (fair use),Philadelphia 76ers
philadelphia-76ers,kit-home,File:Kit body philadelphia76ers association.png,https://upload.wikimedia.org/wikipedia/commons/e/e9/Kit_body_philadelphia76ers_association.png?utm_source=en.wikipedia.org&utm_campaign=imageinfo&utm_content=original,Commons: CC BY-SA,Philadelphia 76ers
philadelphia-76ers,kit-third,File:Kit body philadelphia76ers statement.png,https://upload.wikimedia.org/wikipedia/commons/1/19/Kit_body_philadelphia76ers_statement.png?utm_source=en.wikipedia.org&utm_campaign=imageinfo&utm_content=original,Commons: CC BY-SA,Philadelphia 76ers
philadelphia-eagles,crest,File:Philadelphia Eagles logo.svg,https://upload.wikimedia.org/wikipedia/en/8/8e/Philadelphia_Eagles_logo.svg?utm_source=en.wikipedia.org&utm_campaign=imageinfo&utm_content=original,Non-free (fair use),Philadelphia Eagles
philadelphia-phillies,crest,File:Philadelphia Phillies (2019) logo.svg,https://upload.wikimedia.org/wikipedia/en/f/f0/Philadelphia_Phillies_%282019%29_logo.svg?utm_source=en.wikipedia.org&utm_campaign=imageinfo&utm_content=original,Non-free (fair use),Philadelphia Phillies
philadelphia-union,crest,File:Philadelphia Union 2018 logo.svg,https://upload.wikimedia.org/wikipedia/en/4/46/Philadelphia_Union_2018_logo.svg?utm_source=en.wikipedia.org&utm_campaign=imageinfo&utm_content=original,Non-free (fair use),Philadelphia Union
philadelphia-union,kit-away,File:Kit body philadelphia25a.png,https://upload.wikimedia.org/wikipedia/commons/8/8a/Kit_body_philadelphia25a.png?utm_source=en.wikipedia.org&utm_campaign=imageinfo&utm_content=original,Commons: CC0,Philadelphia Union
philadelphia-union,kit-third,File:Kit body philadelphia26t.png,https://upload.wikimedia.org/wikipedia/commons/3/34/Kit_body_philadelphia26t.png?utm_source=en.wikipedia.org&utm_campaign=imageinfo&utm_content=original,Commons: CC0,Philadelphia Union
phoenix-suns,crest,File:Phoenix Suns logo.svg,https://upload.wikimedia.org/wikipedia/en/d/dc/Phoenix_Suns_logo.svg?utm_source=en.wikipedia.org&utm_campaign=imageinfo&utm_content=original,Non-free (fair use),Phoenix Suns
phoenix-suns,kit-away,File:Kit body phxsuns2024a.png,https://upload.wikimedia.org/wikipedia/commons/b/bf/Kit_body_phxsuns2024a.png?utm_source=en.wikipedia.org&utm_campaign=imageinfo&utm_content=original,Commons: CC BY-SA,Phoenix Suns
phoenix-suns,kit-home,File:Kit body phxsuns2024h.png,https://upload.wikimedia.org/wikipedia/commons/0/04/Kit_body_phxsuns2024h.png?utm_source=en.wikipedia.org&utm_campaign=imageinfo&utm_content=original,Commons: CC BY-SA,Phoenix Suns
pittsburgh-pirates,crest,File:Pittsburgh Pirates logo 2014.svg,https://upload.wikimedia.org/wikipedia/commons/8/81/Pittsburgh_Pirates_logo_2014.svg?utm_source=en.wikipedia.org&utm_campaign=imageinfo&utm_content=original,Commons: Public domain,Pittsburgh Pirates
pittsburgh-steelers,crest,File:Pittsburgh Steelers logo.svg,https://upload.wikimedia.org/wikipedia/commons/d/de/Pittsburgh_Steelers_logo.svg?utm_source=en.wikipedia.org&utm_campaign=imageinfo&utm_content=original,Commons: Public domain,Pittsburgh Steelers
portland-timbers,crest,File:Portland Timbers logo.svg,https://upload.wikimedia.org/wikipedia/commons/3/35/Portland_Timbers_logo.svg?utm_source=en.wikipedia.org&utm_campaign=imageinfo&utm_content=original,Commons: Public domain,Portland Timbers
portland-timbers,kit-home,File:Kit body TIMBERS 11h.png,https://upload.wikimedia.org/wikipedia/commons/4/46/Kit_body_TIMBERS_11h.png?utm_source=en.wikipedia.org&utm_campaign=imageinfo&utm_content=original,Commons: CC BY-SA,Portland Timbers
portland-trail-blazers,crest,File:Portland Trail Blazers logo.svg,https://upload.wikimedia.org/wikipedia/en/2/21/Portland_Trail_Blazers_logo.svg?utm_source=en.wikipedia.org&utm_campaign=imageinfo&utm_content=original,Non-free (fair use),Portland Trail Blazers
portland-trail-blazers,kit-home,File:Kit body portlandtrailblazers association.png,https://upload.wikimedia.org/wikipedia/commons/9/98/Kit_body_portlandtrailblazers_association.png?utm_source=en.wikipedia.org&utm_campaign=imageinfo&utm_content=original,Commons: CC BY-SA,Portland Trail Blazers
porto,crest,File:FC Porto.svg,https://upload.wikimedia.org/wikipedia/en/f/f1/FC_Porto.svg?utm_source=en.wikipedia.org&utm_campaign=imageinfo&utm_content=original,Non-free (fair use),FC Porto
porto,kit-away,File:Kit body porto2627a.png,https://upload.wikimedia.org/wikipedia/commons/b/bf/Kit_body_porto2627a.png?utm_source=en.wikipedia.org&utm_campaign=imageinfo&utm_content=original,Commons: CC0,FC Porto
porto,kit-home,File:Kit body porto2627h.png,https://upload.wikimedia.org/wikipedia/commons/f/f7/Kit_body_porto2627h.png?utm_source=en.wikipedia.org&utm_campaign=imageinfo&utm_content=original,Commons: CC0,FC Porto
porto,kit-third,File:Kit body porto2627t.png,https://upload.wikimedia.org/wikipedia/commons/0/09/Kit_body_porto2627t.png?utm_source=en.wikipedia.org&utm_campaign=imageinfo&utm_content=original,Commons: CC0,FC Porto
portugal,crest,File:Logotipo Atlético Clube de Portugal.svg,https://upload.wikimedia.org/wikipedia/commons/b/b9/Logotipo_Atl%C3%A9tico_Clube_de_Portugal.svg?utm_source=en.wikipedia.org&utm_campaign=imageinfo&utm_content=original,Commons: CC0,Portugal
psv,crest,File:PSV Eindhoven.svg,https://upload.wikimedia.org/wikipedia/en/0/05/PSV_Eindhoven.svg?utm_source=en.wikipedia.org&utm_campaign=imageinfo&utm_content=original,Non-free (fair use),PSV Eindhoven
psv,kit-away,File:Kit body psv2627a.png,https://upload.wikimedia.org/wikipedia/commons/6/67/Kit_body_psv2627a.png?utm_source=en.wikipedia.org&utm_campaign=imageinfo&utm_content=original,Commons: CC0,PSV Eindhoven
psv,kit-home,File:Kit body psv2627h.png,https://upload.wikimedia.org/wikipedia/commons/d/d5/Kit_body_psv2627h.png?utm_source=en.wikipedia.org&utm_campaign=imageinfo&utm_content=original,Commons: CC0,PSV Eindhoven
psv,kit-third,File:Kit body psv2627t.png,https://upload.wikimedia.org/wikipedia/commons/5/54/Kit_body_psv2627t.png?utm_source=en.wikipedia.org&utm_campaign=imageinfo&utm_content=original,Commons: CC0,PSV Eindhoven
qatar,crest,File:Kit shorts.svg,https://upload.wikimedia.org/wikipedia/commons/a/af/Kit_shorts.svg?utm_source=en.wikipedia.org&utm_campaign=imageinfo&utm_content=original,Commons: Public domain,Qatar SC
qatar,kit-home,File:Kit body macronalioth22bdg.png,https://upload.wikimedia.org/wikipedia/commons/4/44/Kit_body_macronalioth22bdg.png?utm_source=en.wikipedia.org&utm_campaign=imageinfo&utm_content=original,Commons: CC BY-SA,Qatar SC
racing-bulls,crest,File:VCARB F1 logo.svg,https://upload.wikimedia.org/wikipedia/en/2/2b/VCARB_F1_logo.svg?utm_source=en.wikipedia.org&utm_campaign=imageinfo&utm_content=original,Non-free (fair use),
racing-santander,crest,File:Racing de Santander logo.svg,https://upload.wikimedia.org/wikipedia/en/f/f5/Racing_de_Santander_logo.svg?utm_source=en.wikipedia.org&utm_campaign=imageinfo&utm_content=original,Non-free (fair use),Racing de Santander
racing-santander,kit-away,File:Kit body santander2627a.png,https://upload.wikimedia.org/wikipedia/commons/e/ea/Kit_body_santander2627a.png?utm_source=en.wikipedia.org&utm_campaign=imageinfo&utm_content=original,Commons: CC0,Racing de Santander
racing-santander,kit-home,File:Kit body santander2627h.png,https://upload.wikimedia.org/wikipedia/commons/0/0e/Kit_body_santander2627h.png?utm_source=en.wikipedia.org&utm_campaign=imageinfo&utm_content=original,Commons: CC0,Racing de Santander
rayo-vallecano,crest,File:Rayo Vallecano logo.svg,https://upload.wikimedia.org/wikipedia/en/d/d8/Rayo_Vallecano_logo.svg?utm_source=en.wikipedia.org&utm_campaign=imageinfo&utm_content=original,Non-free (fair use),Rayo Vallecano
rayo-vallecano,kit-away,File:Kit body rayo2627a.png,https://upload.wikimedia.org/wikipedia/commons/b/b2/Kit_body_rayo2627a.png?utm_source=en.wikipedia.org&utm_campaign=imageinfo&utm_content=original,Commons: CC0,Rayo Vallecano
rayo-vallecano,kit-home,File:Kit body rayo2627h.png,https://upload.wikimedia.org/wikipedia/commons/f/fd/Kit_body_rayo2627h.png?utm_source=en.wikipedia.org&utm_campaign=imageinfo&utm_content=original,Commons: CC0,Rayo Vallecano
rayo-vallecano,kit-third,File:Kit body rayo2627t.png,https://upload.wikimedia.org/wikipedia/commons/8/8d/Kit_body_rayo2627t.png?utm_source=en.wikipedia.org&utm_campaign=imageinfo&utm_content=original,Commons: CC0,Rayo Vallecano
rb-leipzig,crest,File:RB Leipzig 2014 logo.svg,https://upload.wikimedia.org/wikipedia/en/0/04/RB_Leipzig_2014_logo.svg?utm_source=en.wikipedia.org&utm_campaign=imageinfo&utm_content=original,Non-free (fair use),RB Leipzig
rb-leipzig,kit-away,File:Kit body rbl2627a.png,https://upload.wikimedia.org/wikipedia/commons/4/4a/Kit_body_rbl2627a.png?utm_source=en.wikipedia.org&utm_campaign=imageinfo&utm_content=original,Commons: CC0,RB Leipzig
rb-leipzig,kit-home,File:Kit body rbl2627hh.png,https://upload.wikimedia.org/wikipedia/commons/3/30/Kit_body_rbl2627hh.png?utm_source=en.wikipedia.org&utm_campaign=imageinfo&utm_content=original,Commons: CC0,RB Leipzig
rc-lens,crest,File:RC Lens logo.svg,https://upload.wikimedia.org/wikipedia/en/c/cc/RC_Lens_logo.svg?utm_source=en.wikipedia.org&utm_campaign=imageinfo&utm_content=original,Non-free (fair use),RC Lens
rc-lens,kit-away,File:Kit body lens2627a.png,https://upload.wikimedia.org/wikipedia/commons/b/b2/Kit_body_lens2627a.png?utm_source=en.wikipedia.org&utm_campaign=imageinfo&utm_content=original,Commons: CC0,RC Lens
rc-lens,kit-home,File:Kit body lens2627h.png,https://upload.wikimedia.org/wikipedia/commons/1/1d/Kit_body_lens2627h.png?utm_source=en.wikipedia.org&utm_campaign=imageinfo&utm_content=original,Commons: CC0,RC Lens
rc-lens,kit-third,File:Kit body lens2627t.png,https://upload.wikimedia.org/wikipedia/commons/5/52/Kit_body_lens2627t.png?utm_source=en.wikipedia.org&utm_campaign=imageinfo&utm_content=original,Commons: CC0,RC Lens
rc-strasbourg,crest,File:Racing Club de Strasbourg logo.svg,https://upload.wikimedia.org/wikipedia/en/8/80/Racing_Club_de_Strasbourg_logo.svg?utm_source=en.wikipedia.org&utm_campaign=imageinfo&utm_content=original,Non-free (fair use),RC Strasbourg Alsace
rc-strasbourg,kit-away,File:Kit body strasbourg2627a.png,https://upload.wikimedia.org/wikipedia/commons/7/73/Kit_body_strasbourg2627a.png?utm_source=en.wikipedia.org&utm_campaign=imageinfo&utm_content=original,Commons: CC0,RC Strasbourg Alsace
rc-strasbourg,kit-home,File:Kit body strasbourg2627h.png,https://upload.wikimedia.org/wikipedia/commons/4/4e/Kit_body_strasbourg2627h.png?utm_source=en.wikipedia.org&utm_campaign=imageinfo&utm_content=original,Commons: CC0,RC Strasbourg Alsace
rc-strasbourg,kit-third,File:Kit body strasbourg2627t.png,https://upload.wikimedia.org/wikipedia/commons/b/bb/Kit_body_strasbourg2627t.png?utm_source=en.wikipedia.org&utm_campaign=imageinfo&utm_content=original,Commons: CC0,RC Strasbourg Alsace
real-betis,crest,File:Real Betis 2022 logo.svg,https://upload.wikimedia.org/wikipedia/en/2/2f/Real_Betis_2022_logo.svg?utm_source=en.wikipedia.org&utm_campaign=imageinfo&utm_content=original,Non-free (fair use),Real Betis
real-betis,kit-away,File:Kit body betis2627a.png,https://upload.wikimedia.org/wikipedia/commons/4/44/Kit_body_betis2627a.png?utm_source=en.wikipedia.org&utm_campaign=imageinfo&utm_content=original,Commons: CC0,Real Betis
real-betis,kit-home,File:Kit body betis2627h.png,https://upload.wikimedia.org/wikipedia/commons/3/36/Kit_body_betis2627h.png?utm_source=en.wikipedia.org&utm_campaign=imageinfo&utm_content=original,Commons: CC0,Real Betis
real-betis,kit-third,File:Kit body betis2627t.png,https://upload.wikimedia.org/wikipedia/commons/d/d5/Kit_body_betis2627t.png?utm_source=en.wikipedia.org&utm_campaign=imageinfo&utm_content=original,Commons: CC0,Real Betis
real-madrid,crest,File:Real Madrid CF.svg,https://upload.wikimedia.org/wikipedia/en/5/56/Real_Madrid_CF.svg?utm_source=en.wikipedia.org&utm_campaign=imageinfo&utm_content=original,Non-free (fair use),Real Madrid CF
real-madrid,kit-away,File:Kit body realmadrid2627a.png,https://upload.wikimedia.org/wikipedia/commons/0/06/Kit_body_realmadrid2627a.png?utm_source=en.wikipedia.org&utm_campaign=imageinfo&utm_content=original,Commons: CC0,Real Madrid CF
real-madrid,kit-home,File:Kit body realmadrid2627h.png,https://upload.wikimedia.org/wikipedia/commons/3/34/Kit_body_realmadrid2627h.png?utm_source=en.wikipedia.org&utm_campaign=imageinfo&utm_content=original,Commons: CC0,Real Madrid CF
real-madrid,kit-third,File:Kit body realmadrid2627t.png,https://upload.wikimedia.org/wikipedia/commons/d/d3/Kit_body_realmadrid2627t.png?utm_source=en.wikipedia.org&utm_campaign=imageinfo&utm_content=original,Commons: CC0,Real Madrid CF
real-salt-lake,crest,File:Real Salt Lake 2010.svg,https://upload.wikimedia.org/wikipedia/en/5/54/Real_Salt_Lake_2010.svg?utm_source=en.wikipedia.org&utm_campaign=imageinfo&utm_content=original,Non-free (fair use),Real Salt Lake
real-salt-lake,kit-home,File:Kit body DCU 08h.png,https://upload.wikimedia.org/wikipedia/commons/3/3e/Kit_body_DCU_08h.png?utm_source=en.wikipedia.org&utm_campaign=imageinfo&utm_content=original,Commons: CC BY-SA,Real Salt Lake
real-sociedad,crest,File:Real Sociedad logo.svg,https://upload.wikimedia.org/wikipedia/en/f/f1/Real_Sociedad_logo.svg?utm_source=en.wikipedia.org&utm_campaign=imageinfo&utm_content=original,Non-free (fair use),Real Sociedad
real-sociedad,kit-away,File:Kit body realsociedad2627a.png,https://upload.wikimedia.org/wikipedia/commons/b/be/Kit_body_realsociedad2627a.png?utm_source=en.wikipedia.org&utm_campaign=imageinfo&utm_content=original,Commons: CC0,Real Sociedad
real-sociedad,kit-home,File:Kit body realsociedad2627h.png,https://upload.wikimedia.org/wikipedia/commons/1/16/Kit_body_realsociedad2627h.png?utm_source=en.wikipedia.org&utm_campaign=imageinfo&utm_content=original,Commons: CC0,Real Sociedad
real-sociedad,kit-third,File:Kit body realsociedad2627t.png,https://upload.wikimedia.org/wikipedia/commons/6/60/Kit_body_realsociedad2627t.png?utm_source=en.wikipedia.org&utm_campaign=imageinfo&utm_content=original,Commons: CC0,Real Sociedad
red-bull-bora-hansgrohe,crest,File:Bora-hansgrohe.svg,https://upload.wikimedia.org/wikipedia/en/5/50/Bora-hansgrohe.svg?utm_source=en.wikipedia.org&utm_campaign=imageinfo&utm_content=original,Non-free (fair use),Red Bull–Bora–Hansgrohe
red-bull-racing,crest,File:Red Bull Racing Logo 2026.svg,https://upload.wikimedia.org/wikipedia/en/f/fa/Red_Bull_Racing_Logo_2026.svg?utm_source=en.wikipedia.org&utm_campaign=imageinfo&utm_content=original,Non-free (fair use),Red Bull Racing
sabah,crest,File:Sabah FC (Azerbaijan).png,https://upload.wikimedia.org/wikipedia/en/a/a9/Sabah_FC_%28Azerbaijan%29.png?utm_source=en.wikipedia.org&utm_campaign=imageinfo&utm_content=original,Non-free (fair use),Sabah FK (Azerbaijan)
sabah,kit-home,File:Kit body niketrophy6pggg.png,https://upload.wikimedia.org/wikipedia/commons/3/33/Kit_body_niketrophy6pggg.png?utm_source=en.wikipedia.org&utm_campaign=imageinfo&utm_content=original,Commons: CC0,Sabah FK (Azerbaijan)
sacramento-kings,crest,File:SacramentoKings.svg,https://upload.wikimedia.org/wikipedia/en/c/c7/SacramentoKings.svg?utm_source=en.wikipedia.org&utm_campaign=imageinfo&utm_content=original,Non-free (fair use),Sacramento Kings
sacramento-kings,kit-home,File:Kit body sacramentokings association2324.png,https://upload.wikimedia.org/wikipedia/commons/c/c6/Kit_body_sacramentokings_association2324.png?utm_source=en.wikipedia.org&utm_campaign=imageinfo&utm_content=original,Commons: CC BY,Sacramento Kings
san-antonio-spurs,crest,File:San Antonio Spurs.svg,https://upload.wikimedia.org/wikipedia/en/a/a2/San_Antonio_Spurs.svg?utm_source=en.wikipedia.org&utm_campaign=imageinfo&utm_content=original,Non-free (fair use),San Antonio Spurs
san-antonio-spurs,kit-home,File:Kit body sanantoniospurs association.png,https://upload.wikimedia.org/wikipedia/commons/7/7b/Kit_body_sanantoniospurs_association.png?utm_source=en.wikipedia.org&utm_campaign=imageinfo&utm_content=original,Commons: CC BY-SA,San Antonio Spurs
san-diego-fc,crest,File:San Diego FC logo.svg,https://upload.wikimedia.org/wikipedia/en/6/6f/San_Diego_FC_logo.svg?utm_source=en.wikipedia.org&utm_campaign=imageinfo&utm_content=original,Non-free (fair use),San Diego FC
san-diego-fc,kit-away,File:Kit body sandiego26aA.png,https://upload.wikimedia.org/wikipedia/commons/7/7e/Kit_body_sandiego26aA.png?utm_source=en.wikipedia.org&utm_campaign=imageinfo&utm_content=original,Commons: CC0,San Diego FC
san-diego-fc,kit-home,File:Kit body sandiego25h.png,https://upload.wikimedia.org/wikipedia/commons/2/2f/Kit_body_sandiego25h.png?utm_source=en.wikipedia.org&utm_campaign=imageinfo&utm_content=original,Commons: CC0,San Diego FC
san-diego-padres,crest,File:SD Logo Brown.svg,https://upload.wikimedia.org/wikipedia/commons/e/e2/SD_Logo_Brown.svg?utm_source=en.wikipedia.org&utm_campaign=imageinfo&utm_content=original,Commons: Public domain,San Diego Padres
san-francisco-49ers,crest,File:San Francisco 49ers logo.svg,https://upload.wikimedia.org/wikipedia/commons/3/3a/San_Francisco_49ers_logo.svg?utm_source=en.wikipedia.org&utm_campaign=imageinfo&utm_content=original,Commons: Public domain,San Francisco 49ers
san-francisco-giants,crest,File:San Francisco Giants Logo.svg,https://upload.wikimedia.org/wikipedia/en/5/58/San_Francisco_Giants_Logo.svg?utm_source=en.wikipedia.org&utm_campaign=imageinfo&utm_content=original,Non-free (fair use),San Francisco Giants
san-jose-earthquakes,crest,File:San Jose Earthquakes 2014.svg,https://upload.wikimedia.org/wikipedia/en/9/98/San_Jose_Earthquakes_2014.svg?utm_source=en.wikipedia.org&utm_campaign=imageinfo&utm_content=original,Non-free (fair use),San Jose Earthquakes
san-jose-earthquakes,kit-home,File:Kit body 2blueshoulderstripes.png,https://upload.wikimedia.org/wikipedia/commons/5/57/Kit_body_2blueshoulderstripes.png?utm_source=en.wikipedia.org&utm_campaign=imageinfo&utm_content=original,Commons: CC BY-SA,San Jose Earthquakes
sassuolo,crest,File:US Sassuolo Calcio logo.svg,https://upload.wikimedia.org/wikipedia/en/1/1c/US_Sassuolo_Calcio_logo.svg?utm_source=en.wikipedia.org&utm_campaign=imageinfo&utm_content=original,Non-free (fair use),US Sassuolo Calcio
sassuolo,kit-away,File:Kit body sassuolo2627a.png,https://upload.wikimedia.org/wikipedia/commons/7/77/Kit_body_sassuolo2627a.png?utm_source=en.wikipedia.org&utm_campaign=imageinfo&utm_content=original,Commons: CC0,US Sassuolo Calcio
sassuolo,kit-home,File:Kit body sassuolo2627h.png,https://upload.wikimedia.org/wikipedia/commons/b/bb/Kit_body_sassuolo2627h.png?utm_source=en.wikipedia.org&utm_campaign=imageinfo&utm_content=original,Commons: CC0,US Sassuolo Calcio
sassuolo,kit-third,File:Kit body sassuolo2627t.png,https://upload.wikimedia.org/wikipedia/commons/5/53/Kit_body_sassuolo2627t.png?utm_source=en.wikipedia.org&utm_campaign=imageinfo&utm_content=original,Commons: CC0,US Sassuolo Calcio
saudi-arabia,crest,File:Saudi Arabian Football Federation Logo.svg,https://upload.wikimedia.org/wikipedia/en/5/5f/Saudi_Arabian_Football_Federation_Logo.svg?utm_source=en.wikipedia.org&utm_campaign=imageinfo&utm_content=original,Non-free (fair use),Saudi Arabia
sc-freiburg,crest,File:SC Freiburg logo.svg,https://upload.wikimedia.org/wikipedia/en/6/6d/SC_Freiburg_logo.svg?utm_source=en.wikipedia.org&utm_campaign=imageinfo&utm_content=original,Non-free (fair use),SC Freiburg
sc-freiburg,kit-away,File:Kit body freiburg2627a.png,https://upload.wikimedia.org/wikipedia/commons/a/ab/Kit_body_freiburg2627a.png?utm_source=en.wikipedia.org&utm_campaign=imageinfo&utm_content=original,Commons: CC0,SC Freiburg
sc-freiburg,kit-home,File:Kit body freiburg2627h.png,https://upload.wikimedia.org/wikipedia/commons/a/ac/Kit_body_freiburg2627h.png?utm_source=en.wikipedia.org&utm_campaign=imageinfo&utm_content=original,Commons: CC0,SC Freiburg
sc-freiburg,kit-third,File:Kit body freiburg2627t.png,https://upload.wikimedia.org/wikipedia/commons/6/65/Kit_body_freiburg2627t.png?utm_source=en.wikipedia.org&utm_campaign=imageinfo&utm_content=original,Commons: CC0,SC Freiburg
sc-paderborn-07,crest,File:SC Paderborn 07 Logo new.svg,https://upload.wikimedia.org/wikipedia/commons/6/67/SC_Paderborn_07_Logo_new.svg?utm_source=en.wikipedia.org&utm_campaign=imageinfo&utm_content=original,Commons: Public domain,SC Paderborn 07
sc-paderborn-07,kit-away,File:Kit body paderborn2627a.png,https://upload.wikimedia.org/wikipedia/commons/1/13/Kit_body_paderborn2627a.png?utm_source=en.wikipedia.org&utm_campaign=imageinfo&utm_content=original,Commons: CC0,SC Paderborn 07
sc-paderborn-07,kit-home,File:Kit body paderborn2627h.png,https://upload.wikimedia.org/wikipedia/commons/6/6b/Kit_body_paderborn2627h.png?utm_source=en.wikipedia.org&utm_campaign=imageinfo&utm_content=original,Commons: CC0,SC Paderborn 07
sc-paderborn-07,kit-third,File:Kit body paderborn2627t.png,https://upload.wikimedia.org/wikipedia/commons/7/76/Kit_body_paderborn2627t.png?utm_source=en.wikipedia.org&utm_campaign=imageinfo&utm_content=original,Commons: CC0,SC Paderborn 07
schalke-04,crest,File:FC Schalke 04 Logo.svg,https://upload.wikimedia.org/wikipedia/commons/6/6d/FC_Schalke_04_Logo.svg?utm_source=en.wikipedia.org&utm_campaign=imageinfo&utm_content=original,Commons: Public domain,FC Schalke 04
schalke-04,kit-away,File:Kit body schalke2627a.png,https://upload.wikimedia.org/wikipedia/commons/3/3c/Kit_body_schalke2627a.png?utm_source=en.wikipedia.org&utm_campaign=imageinfo&utm_content=original,Commons: CC0,FC Schalke 04
schalke-04,kit-home,File:Kit body schalke2627h.png,https://upload.wikimedia.org/wikipedia/commons/d/d8/Kit_body_schalke2627h.png?utm_source=en.wikipedia.org&utm_campaign=imageinfo&utm_content=original,Commons: CC0,FC Schalke 04
schalke-04,kit-third,File:Kit body schalke2627t.png,https://upload.wikimedia.org/wikipedia/commons/5/5f/Kit_body_schalke2627t.png?utm_source=en.wikipedia.org&utm_campaign=imageinfo&utm_content=original,Commons: CC0,FC Schalke 04
scotland,crest,File:Scotland's Rural College logo.png,https://upload.wikimedia.org/wikipedia/en/7/75/Scotland%27s_Rural_College_logo.png?utm_source=en.wikipedia.org&utm_campaign=imageinfo&utm_content=original,Non-free (fair use),Scotland
seattle-mariners,crest,File:Seattle Mariners logo (low res).svg,https://upload.wikimedia.org/wikipedia/en/6/6d/Seattle_Mariners_logo_%28low_res%29.svg?utm_source=en.wikipedia.org&utm_campaign=imageinfo&utm_content=original,Non-free (fair use),Seattle Mariners
seattle-seahawks,crest,File:Seattle Seahawks logo.svg,https://upload.wikimedia.org/wikipedia/en/8/8e/Seattle_Seahawks_logo.svg?utm_source=en.wikipedia.org&utm_campaign=imageinfo&utm_content=original,Non-free (fair use),Seattle Seahawks
seattle-sounders,crest,File:Seattle Sounders logo.svg,https://upload.wikimedia.org/wikipedia/en/8/84/Seattle_Sounders_logo.svg?utm_source=en.wikipedia.org&utm_campaign=imageinfo&utm_content=original,Non-free (fair use),Seattle Sounders FC
seattle-sounders,kit-away,File:Kit body sounders25a.png,https://upload.wikimedia.org/wikipedia/commons/a/a2/Kit_body_sounders25a.png?utm_source=en.wikipedia.org&utm_campaign=imageinfo&utm_content=original,Commons: CC0,Seattle Sounders FC
seattle-sounders,kit-home,File:Kit body seattle26h.png,https://upload.wikimedia.org/wikipedia/commons/3/3a/Kit_body_seattle26h.png?utm_source=en.wikipedia.org&utm_campaign=imageinfo&utm_content=original,Commons: CC0,Seattle Sounders FC
seattle-sounders,kit-third,File:Kit body sounders25t.png,https://upload.wikimedia.org/wikipedia/commons/9/9f/Kit_body_sounders25t.png?utm_source=en.wikipedia.org&utm_campaign=imageinfo&utm_content=original,Commons: CC0,Seattle Sounders FC
senegal,crest,File:Senegalese Football Federation logo.svg,https://upload.wikimedia.org/wikipedia/en/1/16/Senegalese_Football_Federation_logo.svg?utm_source=en.wikipedia.org&utm_campaign=imageinfo&utm_content=original,Non-free (fair use),Senegal
sevilla,crest,File:Sevilla FC logo.svg,https://upload.wikimedia.org/wikipedia/en/3/3b/Sevilla_FC_logo.svg?utm_source=en.wikipedia.org&utm_campaign=imageinfo&utm_content=original,Non-free (fair use),Sevilla FC
sevilla,kit-away,File:Kit body sevilla2627a.png,https://upload.wikimedia.org/wikipedia/commons/f/f1/Kit_body_sevilla2627a.png?utm_source=en.wikipedia.org&utm_campaign=imageinfo&utm_content=original,Commons: CC0,Sevilla FC
sevilla,kit-home,File:Kit body sevilla2627h.png,https://upload.wikimedia.org/wikipedia/commons/1/18/Kit_body_sevilla2627h.png?utm_source=en.wikipedia.org&utm_campaign=imageinfo&utm_content=original,Commons: CC0,Sevilla FC
sevilla,kit-third,File:Kit body sevilla2627t.png,https://upload.wikimedia.org/wikipedia/commons/0/09/Kit_body_sevilla2627t.png?utm_source=en.wikipedia.org&utm_campaign=imageinfo&utm_content=original,Commons: CC0,Sevilla FC
shakhtar-donetsk,crest,File:UNITED24 logo.svg,https://upload.wikimedia.org/wikipedia/commons/4/42/UNITED24_logo.svg?utm_source=en.wikipedia.org&utm_campaign=imageinfo&utm_content=original,Commons: Public domain,FC Shakhtar Donetsk
shakhtar-donetsk,kit-away,File:Kit body shakhtar2627a.png,https://upload.wikimedia.org/wikipedia/commons/0/0f/Kit_body_shakhtar2627a.png?utm_source=en.wikipedia.org&utm_campaign=imageinfo&utm_content=original,Commons: CC0,FC Shakhtar Donetsk
shakhtar-donetsk,kit-home,File:Kit body shakhtar2627h.png,https://upload.wikimedia.org/wikipedia/commons/6/63/Kit_body_shakhtar2627h.png?utm_source=en.wikipedia.org&utm_campaign=imageinfo&utm_content=original,Commons: CC0,FC Shakhtar Donetsk
shakhtar-donetsk,kit-third,File:Kit body shakhtar2627t.png,https://upload.wikimedia.org/wikipedia/commons/9/9b/Kit_body_shakhtar2627t.png?utm_source=en.wikipedia.org&utm_campaign=imageinfo&utm_content=original,Commons: CC0,FC Shakhtar Donetsk
slavia-praha,crest,File:SK Slavia Praha full logo.svg,https://upload.wikimedia.org/wikipedia/commons/2/2b/SK_Slavia_Praha_full_logo.svg?utm_source=en.wikipedia.org&utm_campaign=imageinfo&utm_content=original,Commons: Public domain,SK Slavia Prague
slavia-praha,kit-away,File:Kit body slaviapraha2627a.png,https://upload.wikimedia.org/wikipedia/commons/8/8b/Kit_body_slaviapraha2627a.png?utm_source=en.wikipedia.org&utm_campaign=imageinfo&utm_content=original,Commons: CC0,SK Slavia Prague
slavia-praha,kit-home,File:Kit body slaviapraha2627h.png,https://upload.wikimedia.org/wikipedia/commons/c/c1/Kit_body_slaviapraha2627h.png?utm_source=en.wikipedia.org&utm_campaign=imageinfo&utm_content=original,Commons: CC0,SK Slavia Prague
slavia-praha,kit-third,File:Kit body slaviapraha2627t.png,https://upload.wikimedia.org/wikipedia/commons/a/aa/Kit_body_slaviapraha2627t.png?utm_source=en.wikipedia.org&utm_campaign=imageinfo&utm_content=original,Commons: CC0,SK Slavia Prague
slovan-bratislava,crest,File:SK Slovan Bratislava logo.svg,https://upload.wikimedia.org/wikipedia/commons/0/01/SK_Slovan_Bratislava_logo.svg?utm_source=en.wikipedia.org&utm_campaign=imageinfo&utm_content=original,Commons: Public domain,ŠK Slovan Bratislava
slovan-bratislava,kit-away,File:Kit body slovan2526a.png,https://upload.wikimedia.org/wikipedia/commons/b/b6/Kit_body_slovan2526a.png?utm_source=en.wikipedia.org&utm_campaign=imageinfo&utm_content=original,Commons: CC0,ŠK Slovan Bratislava
slovan-bratislava,kit-home,File:Kit body slovan2627h.png,https://upload.wikimedia.org/wikipedia/commons/0/00/Kit_body_slovan2627h.png?utm_source=en.wikipedia.org&utm_campaign=imageinfo&utm_content=original,Commons: CC0,ŠK Slovan Bratislava
soudal-quick-step,crest,File:Soudal Quick-Step logo.png,https://upload.wikimedia.org/wikipedia/en/e/e8/Soudal_Quick-Step_logo.png?utm_source=en.wikipedia.org&utm_campaign=imageinfo&utm_content=original,Non-free (fair use),Soudal Quick-Step
south-africa,crest,File:University of South Africa logo.svg,https://upload.wikimedia.org/wikipedia/en/5/5e/University_of_South_Africa_logo.svg?utm_source=en.wikipedia.org&utm_campaign=imageinfo&utm_content=original,Non-free (fair use),South Africa
south-korea,crest,"File:Far East University, South Korea (logo).png",https://upload.wikimedia.org/wikipedia/en/3/32/Far_East_University%2C_South_Korea_%28logo%29.png?utm_source=en.wikipedia.org&utm_campaign=imageinfo&utm_content=original,Non-free (fair use),South Korea
spain,crest,File:Spain national football team crest.svg,https://upload.wikimedia.org/wikipedia/en/3/39/Spain_national_football_team_crest.svg?utm_source=en.wikipedia.org&utm_campaign=imageinfo&utm_content=original,Non-free (fair use),Spain
sporting-cp,crest,File:Sporting Clube de Portugal logo (2026).svg,https://upload.wikimedia.org/wikipedia/en/9/97/Sporting_Clube_de_Portugal_logo_%282026%29.svg?utm_source=en.wikipedia.org&utm_campaign=imageinfo&utm_content=original,Non-free (fair use),Sporting CP
sporting-cp,kit-away,File:Kit body scp2627a.png,https://upload.wikimedia.org/wikipedia/commons/3/30/Kit_body_scp2627a.png?utm_source=en.wikipedia.org&utm_campaign=imageinfo&utm_content=original,Commons: CC0,Sporting CP
sporting-cp,kit-home,File:Kit body scp2627h.png,https://upload.wikimedia.org/wikipedia/commons/a/a1/Kit_body_scp2627h.png?utm_source=en.wikipedia.org&utm_campaign=imageinfo&utm_content=original,Commons: CC0,Sporting CP
sporting-kansas-city,crest,File:Sporting Kansas City logo.svg,https://upload.wikimedia.org/wikipedia/commons/0/09/Sporting_Kansas_City_logo.svg?utm_source=en.wikipedia.org&utm_campaign=imageinfo&utm_content=original,Commons: Public domain,Sporting Kansas City
sporting-kansas-city,kit-home,File:Kit body MUNDIAL WHITE.png,https://upload.wikimedia.org/wikipedia/commons/e/e6/Kit_body_MUNDIAL_WHITE.png?utm_source=en.wikipedia.org&utm_campaign=imageinfo&utm_content=original,Commons: CC BY-SA,Sporting Kansas City
st-louis-cardinals,crest,File:St. Louis Cardinals logo.svg,https://upload.wikimedia.org/wikipedia/en/9/9d/St._Louis_Cardinals_logo.svg?utm_source=en.wikipedia.org&utm_campaign=imageinfo&utm_content=original,Non-free (fair use),St. Louis Cardinals
st-louis-city,crest,File:Logo of St. Louis City SC.svg,https://upload.wikimedia.org/wikipedia/commons/1/1a/Logo_of_St._Louis_City_SC.svg?utm_source=en.wikipedia.org&utm_campaign=imageinfo&utm_content=original,Commons: Public domain,St. Louis City SC
st-louis-city,kit-away,File:Kit body stlouis26aA.png,https://upload.wikimedia.org/wikipedia/commons/9/95/Kit_body_stlouis26aA.png?utm_source=en.wikipedia.org&utm_campaign=imageinfo&utm_content=original,Commons: CC0,St. Louis City SC
st-louis-city,kit-home,File:Kit body stlouis25h.png,https://upload.wikimedia.org/wikipedia/commons/a/ab/Kit_body_stlouis25h.png?utm_source=en.wikipedia.org&utm_campaign=imageinfo&utm_content=original,Commons: CC0,St. Louis City SC
stade-brestois-29,crest,File:Stade Brestois 29 logo.svg,https://upload.wikimedia.org/wikipedia/en/0/05/Stade_Brestois_29_logo.svg?utm_source=en.wikipedia.org&utm_campaign=imageinfo&utm_content=original,Non-free (fair use),Stade Brestois 29
stade-brestois-29,kit-away,File:Kit body brest2526a.png,https://upload.wikimedia.org/wikipedia/commons/8/8b/Kit_body_brest2526a.png?utm_source=en.wikipedia.org&utm_campaign=imageinfo&utm_content=original,Commons: CC0,Stade Brestois 29
stade-brestois-29,kit-home,File:Kit body brest2526h.png,https://upload.wikimedia.org/wikipedia/commons/9/96/Kit_body_brest2526h.png?utm_source=en.wikipedia.org&utm_campaign=imageinfo&utm_content=original,Commons: CC0,Stade Brestois 29
stade-brestois-29,kit-third,File:Kit body brest2526t.png,https://upload.wikimedia.org/wikipedia/commons/b/b8/Kit_body_brest2526t.png?utm_source=en.wikipedia.org&utm_campaign=imageinfo&utm_content=original,Commons: CC0,Stade Brestois 29
stade-rennais,crest,File:Stade Rennais FC.svg,https://upload.wikimedia.org/wikipedia/en/9/9e/Stade_Rennais_FC.svg?utm_source=en.wikipedia.org&utm_campaign=imageinfo&utm_content=original,Non-free (fair use),Stade Rennais FC
stade-rennais,kit-away,File:Kit body rennes2627a.png,https://upload.wikimedia.org/wikipedia/commons/e/ee/Kit_body_rennes2627a.png?utm_source=en.wikipedia.org&utm_campaign=imageinfo&utm_content=original,Commons: CC0,Stade Rennais FC
stade-rennais,kit-home,File:Kit body rennes2627h.png,https://upload.wikimedia.org/wikipedia/commons/2/25/Kit_body_rennes2627h.png?utm_source=en.wikipedia.org&utm_campaign=imageinfo&utm_content=original,Commons: CC0,Stade Rennais FC
stade-rennais,kit-third,File:Kit body rennes2627t.png,https://upload.wikimedia.org/wikipedia/commons/3/3b/Kit_body_rennes2627t.png?utm_source=en.wikipedia.org&utm_campaign=imageinfo&utm_content=original,Commons: CC0,Stade Rennais FC
sunderland,crest,File:SunderlandBridges.jpg,https://upload.wikimedia.org/wikipedia/commons/3/30/SunderlandBridges.jpg?utm_source=en.wikipedia.org&utm_campaign=imageinfo&utm_content=original,Commons: CC BY-SA,Sunderland
sv-elversberg,crest,File:SV Elversberg Logo 2021.svg,https://upload.wikimedia.org/wikipedia/commons/d/d4/SV_Elversberg_Logo_2021.svg?utm_source=en.wikipedia.org&utm_campaign=imageinfo&utm_content=original,Commons: Public domain,SV Elversberg
sv-elversberg,kit-away,File:Kit body elversberg2627a.png,https://upload.wikimedia.org/wikipedia/commons/a/ad/Kit_body_elversberg2627a.png?utm_source=en.wikipedia.org&utm_campaign=imageinfo&utm_content=original,Commons: CC0,SV Elversberg
sv-elversberg,kit-home,File:Kit body elvesberg2627h.png,https://upload.wikimedia.org/wikipedia/commons/7/78/Kit_body_elvesberg2627h.png?utm_source=en.wikipedia.org&utm_campaign=imageinfo&utm_content=original,Commons: CC0,SV Elversberg
sv-elversberg,kit-third,File:Kit body elversberg2627t.png,https://upload.wikimedia.org/wikipedia/commons/0/0d/Kit_body_elversberg2627t.png?utm_source=en.wikipedia.org&utm_campaign=imageinfo&utm_content=original,Commons: CC0,SV Elversberg
sweden,crest,File:Mittuniversitetet Logo.svg,https://upload.wikimedia.org/wikipedia/en/a/ab/Mittuniversitetet_Logo.svg?utm_source=en.wikipedia.org&utm_campaign=imageinfo&utm_content=original,Non-free (fair use),Sweden
switzerland,crest,File:Servette FC crest.svg,https://upload.wikimedia.org/wikipedia/en/f/f4/Servette_FC_crest.svg?utm_source=en.wikipedia.org&utm_campaign=imageinfo&utm_content=original,Non-free (fair use),Switzerland
tampa-bay-buccaneers,crest,File:Tampa Bay Buccaneers logo.svg,https://upload.wikimedia.org/wikipedia/en/a/a2/Tampa_Bay_Buccaneers_logo.svg?utm_source=en.wikipedia.org&utm_campaign=imageinfo&utm_content=original,Non-free (fair use),Tampa Bay Buccaneers
tampa-bay-rays,crest,File:Tampa Bay Rays Logo.svg,https://upload.wikimedia.org/wikipedia/commons/5/55/Tampa_Bay_Rays_Logo.svg?utm_source=en.wikipedia.org&utm_campaign=imageinfo&utm_content=original,Commons: Public domain,Tampa Bay Rays
team-jayco-alula,crest,File:MaillotAustralia.PNG,https://upload.wikimedia.org/wikipedia/commons/b/b4/MaillotAustralia.PNG?utm_source=en.wikipedia.org&utm_campaign=imageinfo&utm_content=original,Commons: Public domain,Team Jayco–AlUla (men's team)
team-picnic-postnl,crest,File:Team Picnic–PostNL logo.png,https://upload.wikimedia.org/wikipedia/en/6/67/Team_Picnic%E2%80%93PostNL_logo.png?utm_source=en.wikipedia.org&utm_campaign=imageinfo&utm_content=original,Non-free (fair use),Team Picnic–PostNL (men's team)
team-visma-lease-a-bike,crest,File:Visma-Lease a Bike logo.svg,https://upload.wikimedia.org/wikipedia/en/b/be/Visma-Lease_a_Bike_logo.svg?utm_source=en.wikipedia.org&utm_campaign=imageinfo&utm_content=original,Non-free (fair use),Visma–Lease a Bike (men's team)
tennessee-titans,crest,File:Tennessee Titans Logo 2026.svg,https://upload.wikimedia.org/wikipedia/en/5/53/Tennessee_Titans_Logo_2026.svg?utm_source=en.wikipedia.org&utm_campaign=imageinfo&utm_content=original,Non-free (fair use),Tennessee Titans
texas-rangers,crest,"File:Lone Star High School (Frisco, Texas) logo.svg",https://upload.wikimedia.org/wikipedia/en/d/d5/Lone_Star_High_School_%28Frisco%2C_Texas%29_logo.svg?utm_source=en.wikipedia.org&utm_campaign=imageinfo&utm_content=original,Non-free (fair use),Texas Rangers
torino,crest,File:Torino FC Logo.svg,https://upload.wikimedia.org/wikipedia/en/2/2e/Torino_FC_Logo.svg?utm_source=en.wikipedia.org&utm_campaign=imageinfo&utm_content=original,Non-free (fair use),Torino FC
torino,kit-away,File:Kit body torino2627a.png,https://upload.wikimedia.org/wikipedia/commons/7/75/Kit_body_torino2627a.png?utm_source=en.wikipedia.org&utm_campaign=imageinfo&utm_content=original,Commons: CC0,Torino FC
torino,kit-home,File:Kit body torino2627h.png,https://upload.wikimedia.org/wikipedia/commons/3/39/Kit_body_torino2627h.png?utm_source=en.wikipedia.org&utm_campaign=imageinfo&utm_content=original,Commons: CC0,Torino FC
torino,kit-third,File:Kit body torino2627t.png,https://upload.wikimedia.org/wikipedia/commons/2/25/Kit_body_torino2627t.png?utm_source=en.wikipedia.org&utm_campaign=imageinfo&utm_content=original,Commons: CC0,Torino FC
toronto-blue-jays,crest,File:Toronto Blue Jay Primary Logo.svg,https://upload.wikimedia.org/wikipedia/en/c/cc/Toronto_Blue_Jay_Primary_Logo.svg?utm_source=en.wikipedia.org&utm_campaign=imageinfo&utm_content=original,Non-free (fair use),Toronto Blue Jays
toronto-fc,crest,File:Toronto FC Logo.svg,https://upload.wikimedia.org/wikipedia/en/7/7c/Toronto_FC_Logo.svg?utm_source=en.wikipedia.org&utm_campaign=imageinfo&utm_content=original,Non-free (fair use),Toronto FC
toronto-fc,kit-home,File:Kit body TFC 07h.png,https://upload.wikimedia.org/wikipedia/commons/1/18/Kit_body_TFC_07h.png?utm_source=en.wikipedia.org&utm_campaign=imageinfo&utm_content=original,Commons: CC BY-SA,Toronto FC
toronto-raptors,crest,File:Toronto Raptors logo.svg,https://upload.wikimedia.org/wikipedia/en/3/36/Toronto_Raptors_logo.svg?utm_source=en.wikipedia.org&utm_campaign=imageinfo&utm_content=original,Non-free (fair use),Toronto Raptors
toronto-raptors,kit-home,File:Kit body 2017-18 TOR city.png,https://upload.wikimedia.org/wikipedia/commons/0/04/Kit_body_2017-18_TOR_city.png?utm_source=en.wikipedia.org&utm_campaign=imageinfo&utm_content=original,Commons: CC BY-SA,Toronto Raptors
tottenham-hotspur,crest,File:Tottenham Hotspur.svg,https://upload.wikimedia.org/wikipedia/en/b/b4/Tottenham_Hotspur.svg?utm_source=en.wikipedia.org&utm_campaign=imageinfo&utm_content=original,Non-free (fair use),Tottenham Hotspur F.C.
tottenham-hotspur,kit-away,File:Kit body tottenham2627a.png,https://upload.wikimedia.org/wikipedia/commons/8/83/Kit_body_tottenham2627a.png?utm_source=en.wikipedia.org&utm_campaign=imageinfo&utm_content=original,Commons: CC0,Tottenham Hotspur F.C.
tottenham-hotspur,kit-home,File:Kit body tottenham2627h.png,https://upload.wikimedia.org/wikipedia/commons/3/32/Kit_body_tottenham2627h.png?utm_source=en.wikipedia.org&utm_campaign=imageinfo&utm_content=original,Commons: CC0,Tottenham Hotspur F.C.
tottenham-hotspur,kit-third,File:Kit body tottenham2627t.png,https://upload.wikimedia.org/wikipedia/commons/6/6e/Kit_body_tottenham2627t.png?utm_source=en.wikipedia.org&utm_campaign=imageinfo&utm_content=original,Commons: CC0,Tottenham Hotspur F.C.
toulouse-fc,crest,File:Toulouse FC 2018 logo.svg,https://upload.wikimedia.org/wikipedia/en/6/63/Toulouse_FC_2018_logo.svg?utm_source=en.wikipedia.org&utm_campaign=imageinfo&utm_content=original,Non-free (fair use),Toulouse FC
toulouse-fc,kit-away,File:Kit body toulouse2526a.png,https://upload.wikimedia.org/wikipedia/commons/9/97/Kit_body_toulouse2526a.png?utm_source=en.wikipedia.org&utm_campaign=imageinfo&utm_content=original,Commons: CC0,Toulouse FC
toulouse-fc,kit-home,File:Kit body toulouse2526h.png,https://upload.wikimedia.org/wikipedia/commons/0/08/Kit_body_toulouse2526h.png?utm_source=en.wikipedia.org&utm_campaign=imageinfo&utm_content=original,Commons: CC0,Toulouse FC
toulouse-fc,kit-third,File:Kit body toulouse2526t.png,https://upload.wikimedia.org/wikipedia/commons/5/54/Kit_body_toulouse2526t.png?utm_source=en.wikipedia.org&utm_campaign=imageinfo&utm_content=original,Commons: CC0,Toulouse FC
tsg-hoffenheim,crest,File:Logo TSG Hoffenheim.svg,https://upload.wikimedia.org/wikipedia/commons/e/e7/Logo_TSG_Hoffenheim.svg?utm_source=en.wikipedia.org&utm_campaign=imageinfo&utm_content=original,Commons: Public domain,TSG 1899 Hoffenheim
tsg-hoffenheim,kit-away,File:Kit body hoffenheim2627a.png,https://upload.wikimedia.org/wikipedia/commons/e/e5/Kit_body_hoffenheim2627a.png?utm_source=en.wikipedia.org&utm_campaign=imageinfo&utm_content=original,Commons: CC0,TSG 1899 Hoffenheim
tsg-hoffenheim,kit-home,File:Kit body hoffenheim2627h.png,https://upload.wikimedia.org/wikipedia/commons/7/7d/Kit_body_hoffenheim2627h.png?utm_source=en.wikipedia.org&utm_campaign=imageinfo&utm_content=original,Commons: CC0,TSG 1899 Hoffenheim
tsg-hoffenheim,kit-third,File:Kit body hoffenheim2627t.png,https://upload.wikimedia.org/wikipedia/commons/f/f4/Kit_body_hoffenheim2627t.png?utm_source=en.wikipedia.org&utm_campaign=imageinfo&utm_content=original,Commons: CC0,TSG 1899 Hoffenheim
tunisia,crest,File:Ez-Zitouna University logo.png,https://upload.wikimedia.org/wikipedia/en/4/49/Ez-Zitouna_University_logo.png?utm_source=en.wikipedia.org&utm_campaign=imageinfo&utm_content=original,Non-free (fair use),Tunisia
turkey,crest,File:Naval Academy (Turkey) crest.png,https://upload.wikimedia.org/wikipedia/en/5/57/Naval_Academy_%28Turkey%29_crest.png?utm_source=en.wikipedia.org&utm_campaign=imageinfo&utm_content=original,Non-free (fair use),Turkey
uae-team-emirates-xrg,crest,File:UAE Team Emirates.png,https://upload.wikimedia.org/wikipedia/en/c/c8/UAE_Team_Emirates.png?utm_source=en.wikipedia.org&utm_campaign=imageinfo&utm_content=original,Non-free (fair use),UAE Team Emirates XRG
udinese,crest,File:Udinese Calcio logo.svg,https://upload.wikimedia.org/wikipedia/en/c/ce/Udinese_Calcio_logo.svg?utm_source=en.wikipedia.org&utm_campaign=imageinfo&utm_content=original,Non-free (fair use),Udinese Calcio
udinese,kit-away,File:Kit body udinese2627A.png,https://upload.wikimedia.org/wikipedia/commons/1/10/Kit_body_udinese2627A.png?utm_source=en.wikipedia.org&utm_campaign=imageinfo&utm_content=original,Commons: CC0,Udinese Calcio
udinese,kit-home,File:Kit body udinese2627h.png,https://upload.wikimedia.org/wikipedia/commons/1/1b/Kit_body_udinese2627h.png?utm_source=en.wikipedia.org&utm_campaign=imageinfo&utm_content=original,Commons: CC0,Udinese Calcio
udinese,kit-third,File:Kit body udinese2627t.png,https://upload.wikimedia.org/wikipedia/commons/f/f9/Kit_body_udinese2627t.png?utm_source=en.wikipedia.org&utm_campaign=imageinfo&utm_content=original,Commons: CC0,Udinese Calcio
union-berlin,crest,File:1. FC Union Berlin Logo.svg,https://upload.wikimedia.org/wikipedia/commons/4/44/1._FC_Union_Berlin_Logo.svg?utm_source=en.wikipedia.org&utm_campaign=imageinfo&utm_content=original,Commons: Public domain,1. FC Union Berlin
union-berlin,kit-away,File:Kit body unionberlin2627a.png,https://upload.wikimedia.org/wikipedia/commons/e/ef/Kit_body_unionberlin2627a.png?utm_source=en.wikipedia.org&utm_campaign=imageinfo&utm_content=original,Commons: CC0,1. FC Union Berlin
union-berlin,kit-home,File:Kit body unionberlin2627h.png,https://upload.wikimedia.org/wikipedia/commons/e/e0/Kit_body_unionberlin2627h.png?utm_source=en.wikipedia.org&utm_campaign=imageinfo&utm_content=original,Commons: CC0,1. FC Union Berlin
union-berlin,kit-third,File:Kit body unionberlin2627t.png,https://upload.wikimedia.org/wikipedia/commons/8/8b/Kit_body_unionberlin2627t.png?utm_source=en.wikipedia.org&utm_campaign=imageinfo&utm_content=original,Commons: CC0,1. FC Union Berlin
united-states,crest,File:Antrim GAA crest.png,https://upload.wikimedia.org/wikipedia/en/1/1a/Antrim_GAA_crest.png?utm_source=en.wikipedia.org&utm_campaign=imageinfo&utm_content=original,Non-free (fair use),United States
uno-x-mobility,crest,File:Uno X logo 1999.svg,https://upload.wikimedia.org/wikipedia/commons/2/2b/Uno_X_logo_1999.svg?utm_source=en.wikipedia.org&utm_campaign=imageinfo&utm_content=original,Commons: Public domain,Uno-X Mobility
uruguay,crest,File:UruguayanAmericanSchoollogo.png,https://upload.wikimedia.org/wikipedia/en/2/2f/UruguayanAmericanSchoollogo.png?utm_source=en.wikipedia.org&utm_campaign=imageinfo&utm_content=original,Non-free (fair use),Uruguay
utah-jazz,crest,File:Utah Jazz logo 2025.svg,https://upload.wikimedia.org/wikipedia/en/7/77/Utah_Jazz_logo_2025.svg?utm_source=en.wikipedia.org&utm_campaign=imageinfo&utm_content=original,Non-free (fair use),Utah Jazz
utah-jazz,kit-home,File:Kit body '25 Utah Jazz association.png,https://upload.wikimedia.org/wikipedia/commons/c/ca/Kit_body_%2725_Utah_Jazz_association.png?utm_source=en.wikipedia.org&utm_campaign=imageinfo&utm_content=original,Commons: CC0,Utah Jazz
utah-jazz,kit-third,File:Kit body '25 Utah Jazz statement.png,https://upload.wikimedia.org/wikipedia/commons/c/cf/Kit_body_%2725_Utah_Jazz_statement.png?utm_source=en.wikipedia.org&utm_campaign=imageinfo&utm_content=original,Commons: CC0,Utah Jazz
uzbekistan,crest,File:Uzbekistan Football Association logo.png,https://upload.wikimedia.org/wikipedia/commons/d/db/Uzbekistan_Football_Association_logo.png?utm_source=en.wikipedia.org&utm_campaign=imageinfo&utm_content=original,Commons: Public domain,Uzbekistan
valencia,crest,File:Valenciacf.svg,https://upload.wikimedia.org/wikipedia/en/c/ce/Valenciacf.svg?utm_source=en.wikipedia.org&utm_campaign=imageinfo&utm_content=original,Non-free (fair use),Valencia CF
valencia,kit-away,File:Kit body valencia2627a.png,https://upload.wikimedia.org/wikipedia/commons/d/d9/Kit_body_valencia2627a.png?utm_source=en.wikipedia.org&utm_campaign=imageinfo&utm_content=original,Commons: CC0,Valencia CF
valencia,kit-home,File:Kit body valencia2627h.png,https://upload.wikimedia.org/wikipedia/commons/2/2b/Kit_body_valencia2627h.png?utm_source=en.wikipedia.org&utm_campaign=imageinfo&utm_content=original,Commons: CC0,Valencia CF
vancouver-whitecaps,crest,File:Vancouver Whitecaps logo.svg,https://upload.wikimedia.org/wikipedia/commons/7/7c/Vancouver_Whitecaps_logo.svg?utm_source=en.wikipedia.org&utm_campaign=imageinfo&utm_content=original,Commons: Public domain,Vancouver Whitecaps FC
vancouver-whitecaps,kit-home,File:Kit body WHITECAPS 11h.png,https://upload.wikimedia.org/wikipedia/commons/6/6f/Kit_body_WHITECAPS_11h.png?utm_source=en.wikipedia.org&utm_campaign=imageinfo&utm_content=original,Commons: CC BY-SA,Vancouver Whitecaps FC
venezia,crest,File:Venezia FC crest.svg,https://upload.wikimedia.org/wikipedia/en/3/39/Venezia_FC_crest.svg?utm_source=en.wikipedia.org&utm_campaign=imageinfo&utm_content=original,Non-free (fair use),Venezia FC
venezia,kit-home,File:Kit body venezia2627h.png,https://upload.wikimedia.org/wikipedia/commons/7/74/Kit_body_venezia2627h.png?utm_source=en.wikipedia.org&utm_campaign=imageinfo&utm_content=original,Commons: CC0,Venezia FC
venezia,kit-third,File:Kit body venezia2627t.png,https://upload.wikimedia.org/wikipedia/commons/6/6d/Kit_body_venezia2627t.png?utm_source=en.wikipedia.org&utm_campaign=imageinfo&utm_content=original,Commons: CC0,Venezia FC
vfb-stuttgart,crest,File:VfB Stuttgart 1893 Logo.svg,https://upload.wikimedia.org/wikipedia/commons/e/eb/VfB_Stuttgart_1893_Logo.svg?utm_source=en.wikipedia.org&utm_campaign=imageinfo&utm_content=original,Commons: Public domain,VfB Stuttgart
vfb-stuttgart,kit-away,File:Kit body stuttgart2627a.png,https://upload.wikimedia.org/wikipedia/commons/8/81/Kit_body_stuttgart2627a.png?utm_source=en.wikipedia.org&utm_campaign=imageinfo&utm_content=original,Commons: CC0,VfB Stuttgart
vfb-stuttgart,kit-home,File:Kit body stuttgart2627h.png,https://upload.wikimedia.org/wikipedia/commons/6/65/Kit_body_stuttgart2627h.png?utm_source=en.wikipedia.org&utm_campaign=imageinfo&utm_content=original,Commons: CC0,VfB Stuttgart
vfb-stuttgart,kit-third,File:Kit body stuttgart2627t.png,https://upload.wikimedia.org/wikipedia/commons/c/cc/Kit_body_stuttgart2627t.png?utm_source=en.wikipedia.org&utm_campaign=imageinfo&utm_content=original,Commons: CC0,VfB Stuttgart
vfl-wolfsburg,crest,File:VfL Wolfsburg logo 2026.svg,https://upload.wikimedia.org/wikipedia/commons/c/c5/VfL_Wolfsburg_logo_2026.svg?utm_source=en.wikipedia.org&utm_campaign=imageinfo&utm_content=original,Commons: Public domain,VfL Wolfsburg
vfl-wolfsburg,kit-away,File:Kit body wolfsburg2526A.png,https://upload.wikimedia.org/wikipedia/commons/2/2c/Kit_body_wolfsburg2526A.png?utm_source=en.wikipedia.org&utm_campaign=imageinfo&utm_content=original,Commons: CC0,VfL Wolfsburg
vfl-wolfsburg,kit-home,File:Kit body wolfsburg2526h.png,https://upload.wikimedia.org/wikipedia/commons/3/3c/Kit_body_wolfsburg2526h.png?utm_source=en.wikipedia.org&utm_campaign=imageinfo&utm_content=original,Commons: CC0,VfL Wolfsburg
viking-fk,crest,File:Viking FK logo 2020.svg,https://upload.wikimedia.org/wikipedia/en/1/13/Viking_FK_logo_2020.svg?utm_source=en.wikipedia.org&utm_campaign=imageinfo&utm_content=original,Non-free (fair use),Viking FK
viking-fk,kit-away,File:Kit body viking21a.png,https://upload.wikimedia.org/wikipedia/commons/7/77/Kit_body_viking21a.png?utm_source=en.wikipedia.org&utm_campaign=imageinfo&utm_content=original,Commons: CC BY-SA,Viking FK
viking-fk,kit-home,File:Kit body viking21h.png,https://upload.wikimedia.org/wikipedia/commons/b/b9/Kit_body_viking21h.png?utm_source=en.wikipedia.org&utm_campaign=imageinfo&utm_content=original,Commons: CC BY-SA,Viking FK
villarreal,crest,File:Villarreal CF logo-en.svg,https://upload.wikimedia.org/wikipedia/en/b/b9/Villarreal_CF_logo-en.svg?utm_source=en.wikipedia.org&utm_campaign=imageinfo&utm_content=original,Non-free (fair use),Villarreal CF
villarreal,kit-away,File:Kit body villarreal2627a.png,https://upload.wikimedia.org/wikipedia/commons/0/01/Kit_body_villarreal2627a.png?utm_source=en.wikipedia.org&utm_campaign=imageinfo&utm_content=original,Commons: CC0,Villarreal CF
villarreal,kit-home,File:Kit body villarreal2627h.png,https://upload.wikimedia.org/wikipedia/commons/a/af/Kit_body_villarreal2627h.png?utm_source=en.wikipedia.org&utm_campaign=imageinfo&utm_content=original,Commons: CC0,Villarreal CF
villarreal,kit-third,File:Kit body villarreal2627t.png,https://upload.wikimedia.org/wikipedia/commons/8/8d/Kit_body_villarreal2627t.png?utm_source=en.wikipedia.org&utm_campaign=imageinfo&utm_content=original,Commons: CC0,Villarreal CF
washington-commanders,crest,File:Washington Commanders logo.svg,https://upload.wikimedia.org/wikipedia/commons/0/0c/Washington_Commanders_logo.svg?utm_source=en.wikipedia.org&utm_campaign=imageinfo&utm_content=original,Commons: Public domain,Washington Commanders
washington-nationals,crest,File:Washington Nationals logo.svg,https://upload.wikimedia.org/wikipedia/commons/a/a3/Washington_Nationals_logo.svg?utm_source=en.wikipedia.org&utm_campaign=imageinfo&utm_content=original,Commons: Public domain,Washington Nationals
washington-wizards,crest,File:Washington Wizards logo.svg,https://upload.wikimedia.org/wikipedia/en/0/02/Washington_Wizards_logo.svg?utm_source=en.wikipedia.org&utm_campaign=imageinfo&utm_content=original,Non-free (fair use),Washington Wizards
washington-wizards,kit-home,File:Kit body '17 Washington Wizards association.png,https://upload.wikimedia.org/wikipedia/commons/d/de/Kit_body_%2717_Washington_Wizards_association.png?utm_source=en.wikipedia.org&utm_campaign=imageinfo&utm_content=original,Commons: CC BY-SA,Washington Wizards
washington-wizards,kit-third,File:Kit body '24 Washington Wizards statement.png,https://upload.wikimedia.org/wikipedia/commons/e/e2/Kit_body_%2724_Washington_Wizards_statement.png?utm_source=en.wikipedia.org&utm_campaign=imageinfo&utm_content=original,Commons: CC BY-SA,Washington Wizards
werder-bremen,crest,File:SV-Werder-Bremen-Logo.svg,https://upload.wikimedia.org/wikipedia/commons/b/be/SV-Werder-Bremen-Logo.svg?utm_source=en.wikipedia.org&utm_campaign=imageinfo&utm_content=original,Commons: Public domain,SV Werder Bremen
werder-bremen,kit-away,File:Kit body werder2627a.png,https://upload.wikimedia.org/wikipedia/commons/0/08/Kit_body_werder2627a.png?utm_source=en.wikipedia.org&utm_campaign=imageinfo&utm_content=original,Commons: CC0,SV Werder Bremen
werder-bremen,kit-home,File:Kit body werder2627h.png,https://upload.wikimedia.org/wikipedia/commons/8/83/Kit_body_werder2627h.png?utm_source=en.wikipedia.org&utm_campaign=imageinfo&utm_content=original,Commons: CC0,SV Werder Bremen
werder-bremen,kit-third,File:Kit body werder2627t.png,https://upload.wikimedia.org/wikipedia/commons/9/91/Kit_body_werder2627t.png?utm_source=en.wikipedia.org&utm_campaign=imageinfo&utm_content=original,Commons: CC0,SV Werder Bremen
williams,crest,File:Racing logo.png,https://upload.wikimedia.org/wikipedia/commons/b/bc/Racing_logo.png?utm_source=en.wikipedia.org&utm_campaign=imageinfo&utm_content=original,Commons: Public domain,Atlassian Williams F1 Team
xds-astana-team,crest,File:MaillotItalia.svg,https://upload.wikimedia.org/wikipedia/commons/8/8d/MaillotItalia.svg?utm_source=en.wikipedia.org&utm_campaign=imageinfo&utm_content=original,Commons: Public domain,XDS Astana Team
